store_id,store_name,location,demographics
1,Thompson and Sons,Lake Angela,drewa
2,Duke PLC,West Katherinemouth,olesb
3,Jackson Ltd,,wrmcg
4,Moss-Davidson,Simstown,qpvau
5,"Ellis, Thompson and Stone",Lake Lukeburgh,mtdqf
6,,Taylorberg,rfthj
7,"Spencer, Barnes and Reyes",Medinachester,mzhzi
8,"Robinson, Ruiz and Stephens",Hollandberg,rgbko
9,NULL,West Megan,ntuym
10,Freeman Inc,Ericaport,uoevt
11,,Grayfurt,mevav
12,"Padilla, Alexander and Salazar",West Katherine,sxwcf
13,Burch Ltd,Castanedamouth,ajkew
14,Hernandez-Wells,East Davechester,sunsw
15,Delacruz-Chen,Harrisstad,baokm
16,Hodges and Sons,Jefferychester,wuqpn
17,Fox Group,Julieborough,vpuoo
18,Heath-Kelley,Roseport,ERROR
19,Yates PLC,Phillipsland,xgvzf
20,York-Palmer,East Jasminetown,szfce
21,Kennedy and Sons,Paigetown,dpbra
22,"Jones, Adkins and Smith",Samuelview,kgvkw
23,Meyer-Norris,Hallmouth,zvdjl
24,Davidson Inc,East Rebecca,thpuo
25,Hernandez-King,Laurieshire,hbmsv
26,,Jonathanfort,fesbh
27,Rocha PLC,East Janice,oubkh
28,"Oconnor, Rubio and Miller",Hutchinsonstad,smxvn
29,ERROR,Lisaport,qqovx
30,Coleman Ltd,Justinmouth,vqykc
31,"Smith, Walker and Hubbard",New Alanmouth,wnacy
32,Sullivan Group,Fritzmouth,nqsxh
33,"Perez, Soto and Hayes",NULL,fzbgo
34,Owen and Sons,Andrewtown,onqyy
35,Phelps and Sons,North Zachary,mvjua
36,Banks Inc,Robertsonborough,cwvpf
37,"Daniel, Roy and Mcdonald",Port Alicia,ecrkh
38,Shelton PLC,Scottville,cqzkc
39,Davis-Soto,Sherylside,
40,"Farrell, Romero and Flores",Michaelland,bsmmq
41,Brown-Hernandez,Port Lisa,rpium
42,Stephens-Marshall,ERROR,hpqej
43,Smith LLC,Josephport,rbxzk
44,Keller-Ortiz,East Victoriaberg,mtwpe
45,Tran PLC,Powellshire,lqcbe
46,Herrera-Beck,East Crystalview,qmfkd
47,Meza Inc,Gregoryborough,nzzca
48,Schultz-Gonzalez,West Jason,vjwfv
49,"Woodward, King and Jones",North Austin,hdsho
50,Hays-Wood,Gabrielstad,zkvpu
51,Alvarado-Wilson,East Justin,gakew
52,Summers-Lloyd,Lake Tracy,umvtf
53,"Weaver, Boyd and Dunn",South Luismouth,wgakn
54,"Silva, Salazar and Martinez",NULL,esuqt
55,"Pineda, Sanchez and Johnson",East Williamchester,qtqug
56,Bennett-Jackson,Charlesville,ipjfc
57,Warren and Sons,Lake Raymond,axbde
58,"Ruiz, Taylor and Kidd",South Valeriehaven,ktpqf
59,"Miller, Alvarez and Smith",Lake Brendafort,equzt
60,Jimenez Inc,West Allenborough,eikkq
61,Spears and Sons,Port Sarah,zgwzt
62,Tanner-Caldwell,New Stephanie,uxymd
63,Price PLC,Port Michaelmouth,ojyfn
64,Brown-Garrett,South Roberttown,yivtc
65,Bell PLC,West Joshuahaven,lieoi
66,Shaw-Thompson,North Timothyfurt,uuypo
67,Lewis-Moran,Hannahstad,jjkxu
68,"Hess, Parker and Nichols",North Brian,gryok
69,"Mullins, Murphy and Diaz",Lake Garrettborough,kfaef
70,"Smith, Frank and Cortez",Lauraborough,vtnga
71,Harris PLC,Abbotthaven,cupxw
72,Walton-Johnson,North Bill,oqfxx
73,"Freeman, Strickland and Moreno",East Sarah,kdfam
74,"Chen, Cole and Wright",South Anthonyton,pdcjc
75,Martinez-Hernandez,Woodsmouth,noimk
76,"Armstrong, Mejia and Lloyd",New Williamtown,fccjk
77,Webb-Mcfarland,West Elizabeth,
78,Garcia Ltd,Stephenbury,irhls
79,"Hernandez, Anthony and Walls",Port Matthewchester,gukwk
80,Martin and Sons,Lake Brittneyfort,yodip
81,Howell Inc,East Laurenstad,ERROR
82,Hudson and Sons,South Olivia,mlceq
83,"Welch, Chavez and White",Tylerhaven,nkimd
84,"George, Clements and Murphy",South Christinastad,bkmqb
85,"Finley, Cruz and Richmond",Lindachester,kuykm
86,Mcbride and Sons,Amandahaven,imdtc
87,Watson-Kelly,Lake Robertport,lctvw
88,Vasquez and Sons,Hatfieldland,jmybh
89,Bird Inc,East Jeremiah,ypatf
90,Barnett Group,Kimberlyfurt,xkddg
91,Santiago-Moss,Chadbury,egrsc
92,Fischer Group,South Richard,rbcdv
93,"Foster, Espinoza and Smith",Hullmouth,tnxkg
94,Ingram Inc,Josephfort,zomsn
95,,Ericachester,ipzji
96,King Group,Williamsbury,bxuro
97,Reed and Sons,New Christineport,mmrcg
98,"Wood, Armstrong and Lopez",Lake Christina,hohdy
99,Buchanan and Sons,ERROR,iodtr
100,Zamora Group,Lake Gary,sjlzn
101,"Taylor, Esparza and Robinson",West Donald,egudg
102,NULL,Leeborough,aciku
103,Jackson LLC,East Mark,ughqh
104,Barajas-Smith,Moyermouth,lbdcn
105,"Rodriguez, Sawyer and Barton",Campbellton,emwsn
106,"Lopez, Miller and Ramos",West Lisaburgh,pfvjg
107,,New Jonathanville,znhxp
108,Stafford Inc,West Mark,esguy
109,Smith-Green,Mckinneystad,llkrq
110,Ward Ltd,Jenniferburgh,cssjm
111,"Miller, Mccoy and Harrison",New Joan,jbhej
112,Avery Inc,Lopezchester,pykvj
113,"Lam, Cunningham and Perkins",Susanton,oxaox
114,Yu-Davis,Smithmouth,wdtvy
115,Norris PLC,Marthatown,ndgad
116,Smith-Campbell,Dawnton,myiif
117,Herrera Inc,East Brett,taspx
118,NULL,East Patricia,fnpyv
119,Huff-Fisher,ERROR,fwvkj
120,Kennedy Ltd,Adamfurt,ydsph
121,"Bernard, Owens and Sharp",East Amber,wybsy
122,Gonzales-Young,Wilsonland,vpunu
123,Lowe Group,Kinghaven,wagzk
124,"Thomas, Burns and Decker",West Chad,yiqkw
125,Blair-Jackson,Jamesport,kmxrq
126,Murray-Brown,East William,hqfof
127,Martinez and Sons,North Evelynhaven,bdgtx
128,Spencer-Carroll,South Melissa,xicha
129,,Longfurt,hriuk
130,"Ibarra, Ramirez and Fletcher",Danielmouth,hvhaq
131,"Weaver, Scott and White",North Jacquelinefort,whatq
132,Myers-Kelly,New Amyville,nrnyj
133,"Diaz, Larsen and Morris",Guerreroland,qmffw
134,"Mcneil, Lopez and Frey",West Andreaport,rmuth
135,Carson-Fleming,Williamville,zbqlf
136,Cuevas-Mason,West Heather,jvjys
137,"Rodriguez, Brown and Wilson",Port Jeremiahside,wgfxz
138,Brown-Hoover,Port Stacey,qxlkk
139,Wright-Wolfe,Lake Alison,grvgl
140,Singleton-Arroyo,Kellermouth,trika
141,Fischer-Hickman,New Jennifer,qneev
142,Harris PLC,Lake Danielhaven,kutxx
143,"Kirk, Herrera and Taylor",NULL,ypeyw
144,Huynh-Kaiser,Lake Tamarachester,bembc
145,ERROR,Jasonberg,zoxda
146,Buck Group,West Seanview,asutx
147,Huang LLC,New Cindyborough,opufv
148,Whitaker Group,North Robert,nmwtt
149,Hernandez-Anderson,Jonathanchester,
150,Wyatt Ltd,West Michaelbury,evmbx
151,Anderson PLC,New Brandonton,gqnzw
152,"Smith, Butler and Richardson",Meyersborough,pusre
153,Mitchell Ltd,West Aprilton,
154,Stanley-Lewis,Kimfort,adsrx
155,Mendez-Chambers,Port Christineport,droik
156,Bennett Ltd,Ruizport,foakl
157,Evans-Hall,Derekfurt,jzdpi
158,,Bryanbury,vkgov
159,ERROR,North Mary,ERROR
160,Olsen Inc,Lake Kristinaburgh,offgz
161,Flores-Miller,South Patriciaview,cxvyu
162,Bennett-Wright,Colinville,acqyn
163,Burns-Kennedy,Nobleview,hyvre
164,Powell-Cruz,,vukfn
165,"Barron, Butler and White",Lake Jessica,ptneb
166,"Phillips, Peters and Ferguson",North Susan,umdvi
167,"Thompson, Ray and Barnes",Contrerasshire,zyiot
168,"Owen, Ali and Thompson",Port Malik,eqvwq
169,"Mullins, Tate and Vega",Steinland,paxjt
170,ERROR,Port Granttown,ggdad
171,"Barron, Alvarez and Williams",Herreramouth,uevfi
172,Sanchez Group,Port Andrew,enbrb
173,"Hurst, Werner and Hartman",Roblesport,zhyhh
174,"Nicholson, Griffin and Short",Petersonville,sjaez
175,"Green, Peterson and Sullivan",Pereztown,uknmd
176,"Smith, Spears and Rose",Dawnville,onahp
177,"Williams, Hamilton and Wright",,srhvx
178,Jackson-Norris,Johnsonmouth,ERROR
179,Clark-Shields,ERROR,myjga
180,Alexander-Roberts,East Adam,ipowj
181,Guerrero-Kelley,Salazarborough,iblbj
182,White-Taylor,Lovehaven,vbtwo
183,Mcbride Ltd,,ERROR
184,Klein PLC,Ashleyton,atzst
185,Walker-Riggs,Reillyhaven,pcwoj
186,Jones-Fleming,East Ashleymouth,mlygr
187,Graham PLC,Charlesmouth,tpmqq
188,"Mclaughlin, Mitchell and Rivera",Nicholeborough,okhjf
189,"Jones, Stewart and Hill",Lisaburgh,lexyg
190,Smith and Sons,Sarahberg,xkcew
191,Miranda PLC,Lynchland,pqxyr
192,"Peters, Walton and Anthony",Meganchester,NULL
193,"Ross, Beck and Chavez",Amymouth,qceiz
194,Anderson Group,Port Jonathanmouth,sgqlp
195,"Kelly, Carter and Nelson",Danieltown,tvzun
196,Oneal and Sons,Dicksonstad,
197,Sharp LLC,,ntsur
198,Johnson-Sanchez,Vegamouth,myees
199,Warner Group,Johnton,rbpxb
200,Young Ltd,New Jeremy,ytwya
201,Kirby LLC,Danielleton,hwtrx
202,"Rivera, Reed and White",Matthewmouth,uyzuu
203,Reed Group,Garciamouth,ckwpj
204,Matthews Inc,Marybury,tdjzl
205,ERROR,Perezstad,igkdk
206,Rodriguez Group,Wiseton,hxqcc
207,White-Guzman,Port Danielfort,tadzo
208,Mckay-Hensley,Schneiderfort,amcni
209,Porter LLC,Port Jeffreyville,oiitr
210,Johnson-Figueroa,,vaxzh
211,Bruce and Sons,East Michael,zbmmm
212,"Williams, Walker and Robertson",Davidberg,atfsr
213,Valencia Group,West Aaronfurt,vsmyl
214,Lawrence-Jimenez,South Susan,bjigz
215,Henry Ltd,Port Bethany,tbbit
216,ERROR,South Nancy,dnaqv
217,Haas LLC,New Ryanstad,kmdts
218,Boyer LLC,Hallside,trfry
219,Moses-Holden,New Arthur,gtnda
220,Fields-Johnson,West Shaneport,ggmqj
221,Williams-Hines,New Katherinefurt,pyuvj
222,Savage-Mitchell,Kevinshire,yiear
223,"Hopkins, Bell and Young",Bethchester,jmbip
224,,South Tyler,vvqty
225,Reyes Inc,North Katherine,nadle
226,Hunter Inc,Blanchardland,asyvc
227,,Port Elaineside,
228,"Jackson, Gonzales and Kane",South Daniel,svwwe
229,Jones-Willis,Reedstad,txugu
230,NULL,Meghanhaven,vudrt
231,Andrade Group,New Edwardfurt,sefgd
232,Morrison-Willis,Parksfurt,znswi
233,Hawkins LLC,East Karen,zybxd
234,"Doyle, Williams and Wood",Edwardsmouth,ikits
235,"Blevins, Taylor and Gross",West Christine,umvga
236,Garcia-Hendricks,North Lisa,owdfq
237,Campbell and Sons,Lake Cynthia,rmbys
238,"Morgan, Torres and Harris",Stephaniechester,cvfap
239,Johnson-Lewis,Travisbury,vqbtn
240,Franklin Ltd,West Sarah,btxuq
241,Bowen LLC,North Rachaelfort,utmny
242,Berg-Smith,Wilsonville,mlaim
243,Harris Inc,East Brittanyfurt,onvcf
244,Davis-Lopez,Valerietown,kdivk
245,NULL,Lake Cynthialand,wvjgj
246,"Riley, Ryan and Huff",Bryantville,tcfac
247,Carlson Group,East Brandimouth,gdjqb
248,"Aguilar, Harrell and Jones",Hornport,qokxw
249,Jones Ltd,Woodfurt,mjrwc
250,"Ortiz, Warren and Delgado",Heathertown,ovyfm
251,"Robbins, Mccullough and Ward",Patrickchester,clhlf
252,Bailey Inc,Debbiemouth,bzpke
253,NULL,Archerfurt,mpvfx
254,Hopkins-White,Lake Lisabury,hccej
255,Morgan-Reyes,Markbury,parix
256,Turner-Ferguson,Lake Patrickhaven,bgnmn
257,,Lake Joshuafort,ikodh
258,Brown and Sons,Rosshaven,bprlg
259,Roach Group,New Theresa,tpavb
260,Murray Ltd,Adamsfort,ERROR
261,Ellis Inc,Taylorbury,aauvi
262,"Ayers, Ortega and Elliott",New Christinaburgh,pqtpp
263,Ryan-Crosby,Kariland,ftsca
264,"Lee, Parker and Acosta",Stricklandstad,ssfzd
265,Walker-Brown,Robertstad,olljt
266,Riley-Dixon,Lake Sarahfurt,ztarr
267,Sanchez-Patterson,Ryanville,bzlkv
268,NULL,Port Michelle,dbpjy
269,Miranda-Caldwell,New Aliciafurt,vdrgw
270,Moore-Nelson,Robinsonstad,doyyw
271,NULL,Timothyfort,mtxbi
272,Arellano Inc,Wilkinsview,chqqv
273,Miller Ltd,Dariuschester,hmytt
274,Ferguson-Hart,Kristintown,jfysj
275,"Brown, Smith and Hopkins",North Nicholas,symwl
276,"Morris, Garner and Buckley",Lake Monicamouth,mfvqf
277,Schultz-Wright,,oyaiv
278,Hubbard and Sons,Russellchester,eifqr
279,"Brown, Wilson and Walker",Franklinfurt,doxon
280,Brennan Ltd,Melissaton,ujmcf
281,"Walton, Hernandez and Singh",Martinland,kcvhc
282,Donaldson-Brock,Deanview,cpazj
283,ERROR,Mooreberg,qsfne
284,"Brown, Anderson and Price",Robinsonview,wuoos
285,Smith Inc,North Nathan,esqvu
286,"Wilcox, Jones and Jones",Serranoport,lyaof
287,Alexander-Guerrero,Robertborough,uukbq
288,ERROR,Shawland,taalb
289,Hansen-Goodwin,Cassidyberg,njvci
290,Thomas-Gonzalez,NULL,cggqn
291,ERROR,South Kevin,taoxi
292,Fisher-Haas,North William,tlker
293,Campbell-Wilkins,,dwujg
294,Smith Group,Stephenstown,ddozw
295,"Smith, Mercer and Garcia",ERROR,vsars
296,Sanchez-Williams,Martinhaven,genbx
297,Jackson Inc,North Joshua,dhjsn
298,"Garcia, Green and Allen",East Ralph,tfbne
299,Smith Ltd,,
300,Thomas-Austin,Lake Billy,wedit
301,,Ingramland,xbrnn
302,"Watson, Gross and Williams",Lake Annaburgh,dthbn
303,Griffin Ltd,Gibsontown,hzend
304,Brooks PLC,New Brittanymouth,ogeaz
305,Nelson Ltd,NULL,xkuot
306,Frost Inc,Saraville,gsqvs
307,"Jackson, Lopez and Poole",Amandaberg,prxqz
308,Meza-Lewis,,nhoqm
309,Estrada LLC,Petersenmouth,pkhup
310,Trevino LLC,South Craigchester,donik
311,"Mata, Wiggins and Freeman",New Ronnie,mbkqc
312,ERROR,ERROR,lieqh
313,"Ortega, Brown and Frey",Douglasville,xmbbf
314,George-Cantrell,New Alexis,idtgz
315,Long-Bradley,Garyport,ceunb
316,Thomas PLC,West Johnborough,vftbo
317,"Wall, Powell and Jones",Allisonberg,xzeic
318,Phillips-Decker,North Brianborough,uwthh
319,Allen Group,Stantonshire,vakfu
320,Palmer-Reeves,Lake Austinland,kneer
321,Arellano Inc,West Christopherfort,imczh
322,"Stevenson, Phillips and Lewis",South Stevenside,fdjvf
323,Carter Inc,Grayview,zhyce
324,Gibson Group,Shawmouth,tuctn
325,Carpenter Inc,NULL,jirry
326,West-Hawkins,Hillside,ioonf
327,Suarez-Chan,Lake Jacob,tqymy
328,ERROR,New Nicole,dphmq
329,ERROR,New Alexismouth,bqzpe
330,Brooks-Jones,Davisshire,rnfrq
331,King Group,New Mark,vldrf
332,"Mcguire, Lara and Garrett",East Paul,jksci
333,Cisneros-Vasquez,Shawnland,ahupc
334,"Garcia, Bautista and Case",South Jacob,mamzj
335,Vargas-Johnson,Coxhaven,rdbaf
336,Williams Inc,Duffyview,mvvno
337,"Conley, Jimenez and Stuart",,oehbj
338,Ross and Sons,Patrickside,cnhom
339,"Russell, Krueger and Rowe",West Todd,xouzf
340,,Port Sharon,vitlf
341,Williams Ltd,New Mark,yvmok
342,Hamilton-Rivera,Colinland,ohurf
343,Gardner Inc,East Jennifer,rcgkx
344,"Proctor, Stevens and Allen",Patriciachester,afbxz
345,"Flores, Mcintosh and Lopez",South Joanna,xheca
346,,Sharontown,gjznr
347,Peters-Taylor,New Jamesmouth,csrij
348,Jackson-Blake,East Jessica,lxrwa
349,,Christophershire,hoxik
350,ERROR,Christinafort,hxdcx
351,Black-Graham,New Michaelburgh,yjogh
352,Eaton-Bradshaw,Gabrielleport,
353,Tran-Jacobs,Benjaminmouth,pnbun
354,"Reynolds, Schmitt and Martin",South Glenn,bcbht
355,Taylor-Watson,Williamsonborough,qexqo
356,Wise Ltd,South Laurie,jvvlj
357,Walker LLC,South Arthur,grgnv
358,Ferguson-Mccall,Alyssachester,nkraf
359,Franklin-Quinn,Johnsonborough,bmgoj
360,Johnson-Bell,West Ericville,wszpn
361,White-Bauer,South Christopher,ERROR
362,"Vang, Soto and Fernandez",Levihaven,aphdj
363,NULL,South Francisco,
364,Torres-Gomez,South Joy,qlots
365,"Gibson, Callahan and Wilson",Stewartfort,uiomm
366,ERROR,Howardfort,
367,,Kevinburgh,fouvw
368,"Steele, Santana and Collins",Lake Brian,kzwcy
369,Sanders-Gonzalez,NULL,hywqr
370,Davis PLC,Lake Mallory,olfal
371,Gallegos-Kim,South Bryan,vsrfv
372,Meyer-Mccoy,ERROR,zvvbi
373,"Jones, Brooks and Perkins",NULL,nelab
374,Johnson Group,Rodgersside,okfnq
375,Bryan and Sons,,qufrv
376,Allison-Rasmussen,Martinezborough,irvai
377,Thomas-Edwards,Heathborough,yevkc
378,Baker and Sons,Booneland,hvips
379,Becker Group,South Kelly,paoax
380,"Hughes, Boyd and Vazquez",Vasquezfort,rgmqs
381,"Harris, Wright and Foster",,kwczq
382,Rodriguez and Sons,West Lisaberg,dqlpk
383,Schneider PLC,Leefurt,sthif
384,"Moran, Luna and White",Kevinland,qdkqe
385,Hall-Castillo,Bennettfurt,zcpkf
386,"Spears, Chambers and Williams",Lake Vickie,xkryr
387,Huynh-Campbell,Mooreborough,tejje
388,"Ramos, Gomez and Martin",Lake Brad,wjifz
389,"Lewis, Taylor and Jones",Danaland,zloah
390,"Griffin, Lewis and Green",Turnerchester,cfvrp
391,Turner-Martin,Matthewmouth,qpjip
392,"Johnson, Schaefer and Frank",South Jesus,wyzcf
393,,West John,mbstk
394,"Bennett, Norton and Roberts",Jillshire,uyrgq
395,Weber Group,Brianchester,snhgp
396,Wong-Oliver,Port Pamela,vjwvx
397,Lucas-Saunders,Lake Michael,ERROR
398,NULL,Charleschester,zmvni
399,Miller-Sloan,Downsville,sawzm
400,Maxwell-Smith,Millerfort,wzftx
401,Calhoun Inc,Port Christopher,
402,Holmes Ltd,Danielleport,outxe
403,"Wade, Mcdonald and Liu",Shaffermouth,bluuu
404,Richardson Inc,New Reginaldmouth,lwcta
405,Newman-Burke,Jackburgh,lskjj
406,,North Leehaven,mxodr
407,Young LLC,Housebury,scxfb
408,"Cameron, Dillon and Scott",,itlto
409,"Daniels, Wright and Hunter",Lake Tyrone,pzrss
410,,Briggsmouth,wyshs
411,Johnson Group,North Parker,uelta
412,Lopez-Ramos,ERROR,mjzzt
413,Vasquez Ltd,Millerstad,umisk
414,Long Ltd,West Melissaside,pqmit
415,"Medina, Torres and Calhoun",Theresaborough,ERROR
416,Butler LLC,Wardhaven,qaghx
417,Warner-Williams,Davidshire,mfnth
418,Kennedy-Keith,Griffinview,nxobd
419,NULL,Traciton,bxfhs
420,,West Samuel,deqop
421,Lopez-Bowman,West Reginald,xnpeh
422,,South Evelynmouth,zojbc
423,Dunn Group,Charlesville,zcruw
424,Neal-Johnson,Michaelport,jsiaq
425,Anderson Group,Richardsonport,vhcbj
426,Bailey Group,South Baileybury,zihko
427,"Tate, Cook and Mendez",West Luisshire,hicfv
428,Martin and Sons,Lake Susan,sotla
429,Obrien PLC,Lopezland,natqq
430,Hernandez Group,Myershaven,hklzk
431,"Brown, Smith and Wilcox",Port Timothy,fmhpk
432,Lopez PLC,ERROR,omyff
433,"Roy, Gonzalez and Lee",East Paulfurt,NULL
434,Sanchez Inc,North Timothyborough,vxqbi
435,"Maxwell, Pugh and Schaefer",Harrisborough,dbfza
436,Howell Inc,NULL,tzvlr
437,"Adams, Jones and Morgan",North Stephen,dzuti
438,"Ray, Gonzalez and Castillo",Shawnborough,jzcvs
439,"Jennings, Wilson and Wright",Nicholasborough,ncsli
440,Wolf-Parsons,North Cynthia,uczuc
441,"Jones, Shea and Brown",Alvarezfort,kwxcl
442,NULL,Nicholefort,rwxyr
443,,Lake Aaronhaven,vdmpi
444,Parker-Jacobs,Frankburgh,syrrc
445,"Campbell, Lewis and Jarvis",East Sharonton,yistj
446,"Taylor, Conley and Lang",Batesshire,kkjuq
447,"Evans, Mcdowell and Marshall",East Shawnport,qpjqm
448,Macias and Sons,New Cynthiaport,rlepy
449,Mann-Andrews,Amandamouth,jhoqz
450,,Bassmouth,ukjxk
451,Hernandez Inc,Marquezville,zlhzl
452,Olson and Sons,North Connie,qadii
453,"Chan, Wall and Leach",,jwull
454,Gross-Peterson,Kennethhaven,rcggm
455,"Tapia, Jackson and Jefferson",New Robert,gbhdh
456,"Zamora, Perez and Cordova",Lake Carlashire,efgxb
457,Torres-Kirk,Gloriaville,wwnfd
458,"Ortiz, Bennett and Vargas",New Shannonland,llraz
459,Jones and Sons,Charlesbury,rosvu
460,NULL,Port Sarah,yijjk
461,ERROR,Lake Tonyhaven,idhbz
462,Johnson Inc,West Darrellton,pqirj
463,Mayer LLC,Karichester,bwwop
464,Scott-Williams,Elizabethfurt,ynokj
465,"King, Ramos and Burton",NULL,fsnec
466,NULL,Andersonland,xtdau
467,Castillo-James,New Sheri,athyb
468,Hinton-Wallace,,tvyfd
469,"Copeland, Kelley and Harrell",Alexanderbury,wzhqm
470,Martin-Rodgers,New Ericmouth,ydkaw
471,Edwards Group,West Maria,auweg
472,Chapman PLC,Maryville,vkbgc
473,"Hernandez, Morse and Dougherty",Deannaton,fotow
474,"Norton, Myers and Ho",Jonestown,aajty
475,"Conner, Yates and Ross",Port Joseph,
476,Rogers PLC,Susanport,nuhqp
477,"Olson, Ramos and Thompson",East Ericfort,dwhld
478,,Douglasfurt,lbbxf
479,Williams LLC,Haleyland,olcfv
480,"Larson, Lee and Brown",Lake Robert,wexbd
481,Morrow LLC,Lake Alicia,pckoi
482,Delacruz-James,NULL,vzfpj
483,Castillo-Lloyd,Johnsonhaven,bvnsa
484,Coleman PLC,East Joshua,NULL
485,Young-Jordan,Moranton,sewud
486,Williams Inc,Daviston,uojle
487,Rodriguez-Turner,New Brittanytown,zlggs
488,NULL,Clarkland,jjtqi
489,Ryan-Lyons,NULL,kdkhi
490,Patterson and Sons,Peggytown,NULL
491,Solomon-Hammond,West Robertfort,bwwkf
492,"Roberts, Todd and Weiss",North Marcus,draez
493,Rodgers-Lyons,Alexashire,hcebz
494,Lawrence-Schneider,Johnsonfurt,tlcsl
495,"Brown, Taylor and Collins",Michaelbury,tjher
496,,West Janetfort,nlnoa
497,Martinez Inc,Lake Yolanda,
498,"Miller, Jones and Larson",West David,geidq
499,Maldonado-Luna,Davidton,mznnj
500,Flynn-Reeves,South Kimberly,rjlzn
501,Russell Ltd,North Megan,cxllx
502,"Huff, Singh and Chavez",North Laurenchester,miooj
503,"Fernandez, Cox and Thomas",Amystad,veoip
504,Smith Ltd,West Vanessa,acffv
505,Reynolds-Nguyen,Carpenterfort,ommye
506,"Waters, Carpenter and Gonzalez",East Jason,whkze
507,Wilson LLC,Lisaside,zifdk
508,"Gomez, Wright and Bell",Sherrimouth,ioelw
509,Lucas Group,West Annaton,zmuso
510,"Richard, Hunt and Anderson",Port Brandy,zlwcj
511,Robertson LLC,South Brendahaven,hqviw
512,Moss-Green,NULL,nqakn
513,Martinez-Preston,,hltna
514,Adams Group,North Anthony,dlhdv
515,,Port Ericshire,xnbkg
516,"Turner, Santos and Adams",Garyberg,tzvzn
517,Carter-Phillips,South Timothyshire,zikbb
518,Edwards Ltd,East Elizabethshire,gtsyw
519,Hernandez-Knox,New Danielville,ERROR
520,Andrade Ltd,Pricehaven,irgkp
521,"Ford, Butler and Taylor",Petersview,zsxox
522,Collins Group,Greenchester,xlgiz
523,Blankenship-Malone,Cynthiaton,fbvdq
524,Williams Inc,East Karen,knebb
525,"Jennings, Stone and Ross",Johnsonbury,rngwy
526,"Stephens, Knight and Walker",Cunninghamburgh,mzxfc
527,"Bennett, Miller and Dean",Lake Lindsayton,ncmag
528,"Schmidt, Larsen and Clark",Proctorchester,oxhap
529,Kennedy-Mcguire,Carrollbury,
530,Williams-Butler,New Heidi,cpikc
531,Richmond Group,West Mark,hkehs
532,Frazier-Morales,Port Jessicaberg,hnidc
533,"Wagner, Thornton and Lucas",South Ericberg,itmis
534,Richardson Group,Port Michelleberg,rpzxm
535,Craig-Copeland,,ajnie
536,Fields Ltd,North Carolynberg,ohshb
537,Carter Ltd,Port Yolanda,lnyqc
538,Vasquez-Campbell,South Andrewside,czyfa
539,Duke-Scott,Ellenbury,fepew
540,James LLC,Wilcoxbury,reosr
541,"Sosa, Moreno and Gordon",Jeffreyview,cpnhs
542,Villanueva-Jacobs,North Matthew,xnjmy
543,Young Group,Singletonfurt,hebvl
544,Zimmerman Inc,South Brendanchester,lpbda
545,Lopez LLC,Gibsonside,jyeyi
546,"Monroe, Porter and Wright",Rothport,jvcgn
547,Hernandez PLC,NULL,dsdgc
548,Wagner-Anderson,Finleymouth,rfjpb
549,Newman-Byrd,Dawnchester,mgscb
550,Smith Inc,,wrqyk
551,Wright-Livingston,New Mathewhaven,vapey
552,Montgomery and Sons,Gonzalesmouth,lupjr
553,,Staciestad,ejirg
554,,Heatherview,urosl
555,"Kelly, Williams and Lewis",West Thomas,cynoz
556,Knapp Ltd,Davisburgh,llljt
557,"Graves, Mendoza and Mcdowell",,ufrvd
558,Morton-Jones,Angelamouth,xoavq
559,"Morris, Day and Ali",Masonchester,rgnhf
560,Jones-Gray,South Gregory,oktqf
561,,Mitchellville,ivipm
562,,East Aaronside,jcazp
563,Castro Inc,East Brianmouth,srlur
564,Gilmore-Harris,Patrickshire,xwxmv
565,"Day, Stewart and Huff",Port Ryanport,xexog
566,Sanchez PLC,Collinsborough,nfyyp
567,Williams-Crosby,Wendyville,omlxy
568,Charles-Hicks,Wrighthaven,gtgtn
569,Shaffer-Armstrong,Brianland,orxwq
570,"Fisher, Cummings and Thomas",South Angelamouth,wcnfh
571,"Martin, Hutchinson and Bailey",Georgeside,vvuyk
572,Weaver Group,Vickiport,yvpoj
573,NULL,,droen
574,"Williams, Hill and Jensen",East Abigail,yynai
575,"Parker, Aguilar and Long",Lauraview,sryiq
576,"Li, Gray and West",Port Brittany,yjqxy
577,Edwards Ltd,Andreafort,rcsla
578,Turner-Figueroa,Kellyside,ttgto
579,"Jones, Powell and Williams",North Devinland,adwng
580,Jordan-Mcdowell,Tranville,cbwpg
581,"Reed, Harrison and Robinson",East Rogerton,fmcch
582,"Barnes, Garrett and Davidson",New Gabriela,lbpwm
583,Gardner-Sutton,East Tylerside,kjozv
584,"Cohen, Simpson and Wells",East Andrew,yqhxe
585,"Thompson, Mccann and Davis",Heatherton,clwpx
586,Gonzalez PLC,Edwardsville,ubxnw
587,Wilson-Griffith,Rachelstad,
588,Adkins-Miller,Lake Richard,vqkio
589,Larson Ltd,NULL,qegkw
590,NULL,West Leemouth,wszzj
591,,Moranmouth,zdfxs
592,Patel and Sons,Salasmouth,phshh
593,Stokes Inc,West Bryan,qhfvu
594,"Miller, Castro and Simon",East Jasonmouth,blkys
595,NULL,New Ryanville,lhqei
596,Evans-Jones,New Kimberly,gdowv
597,"Sanchez, Maxwell and Gardner",New Robert,wmrux
598,Johnson-Pittman,ERROR,bfarc
599,Lawson-Johnson,Jesseland,ojlpz
600,"Russell, Chandler and Mcintosh",Waltonchester,dxtjl
601,Guzman-Morris,South Karenland,guzcq
602,"Johnson, White and Patel",ERROR,zmkkk
603,"Barnes, Hernandez and Watson",South Linda,jhnde
604,Murillo-Smith,Huntfort,tmigo
605,"Howe, Allen and Freeman",Yvonnemouth,lutau
606,Mcintyre-Garcia,Lisaview,NULL
607,Anderson-Cole,Ashleyview,xkzbe
608,Bradley Inc,Port Evan,lbfut
609,NULL,NULL,
610,Anderson-Martinez,Alexandratown,ueolk
611,Mitchell LLC,Port Steve,zllmy
612,Gonzalez Inc,Samanthashire,ioyac
613,NULL,West Bradburgh,ieeqy
614,Smith-Johnson,East Chad,mizzx
615,Holt LLC,West Brett,cqtvx
616,Hicks LLC,West Robert,iszlb
617,"Phillips, Smith and Buck",East Williamland,yrcyk
618,Moran LLC,Patelberg,gsvxo
619,"Shepard, Graves and Schultz",Wallaceberg,bhzcr
620,"Walker, Hall and Ware",Lake Roberthaven,NULL
621,Stone-Robinson,Timothyfort,hteka
622,Clark-Smith,Port Nathan,ohmmg
623,"Jones, Schultz and Moore",New Chris,hagbf
624,"Lane, Estrada and Yang",Walkerport,shwia
625,Brown-Hancock,Millermouth,NULL
626,Martin Group,Watkinsville,qwnac
627,Hill-Stewart,North Daniel,vnxid
628,"Williams, Larson and Hughes",,kuzfv
629,Good PLC,East Donnabury,lqfdp
630,Maxwell-Goodwin,Jeffreyside,urtld
631,Miller-Shields,Lake Briantown,vxwrx
632,Sullivan Group,Larrychester,fefcb
633,Brown-Vasquez,Thomasburgh,pvuxb
634,Chase Group,New Ariel,cuijh
635,,West Samuelville,pydew
636,ERROR,Lake Scottshire,oucnq
637,"Lewis, Cortez and Calhoun",Jamesberg,ERROR
638,Page PLC,East Laura,nclhz
639,Camacho-Miles,Port Evan,qqcmx
640,"Whitehead, Harris and Perry",Brianchester,yiadl
641,Bauer-Davis,Gibsonville,ncxit
642,Shepherd LLC,East Christinamouth,eeswg
643,"Hubbard, Lang and Baker",Andrewburgh,grtok
644,"Smith, Nguyen and Griffin",East Jennifer,mhxzb
645,ERROR,West Laurenhaven,mhqrc
646,"Shepard, Hunt and Dalton",Janetton,khule
647,,Davisstad,vzwvu
648,Greene LLC,Andersontown,dsjwu
649,Cook-Porter,Port Christopherberg,shbhh
650,Wagner-Jones,Sullivanside,jquhc
651,"Tran, Gonzalez and Camacho",North Josephville,ckegl
652,"Stone, Mcdonald and Wood",East Rachael,dltwr
653,Bryant-Rivera,Ramosbury,ugioc
654,Delacruz-Pratt,Knapptown,
655,Torres-Green,North Katrina,ltcpg
656,Rivera Group,Port Priscilla,zlzec
657,"Brennan, Graham and Smith",Joneschester,lkhlb
658,Jones-Lee,West Summerberg,rkoyu
659,Williams-Riley,West Nicholasstad,uwcln
660,Brady-Taylor,Tamiberg,nacmm
661,Lee LLC,South Brentport,vyqbm
662,Allen LLC,Harringtonview,tdhvy
663,Fleming-Rivera,Pearsontown,yfiza
664,Todd-Walker,Port Breanna,cmcmg
665,ERROR,West Garyfort,hrhrb
666,Rodriguez LLC,Lake Angelica,yxeye
667,Wilson-Moreno,Michaeltown,nzbzq
668,Mitchell-Adams,Markton,jeonc
669,York LLC,Davismouth,lcuom
670,Welch-Robertson,Richardsonshire,pjpho
671,Newton Ltd,Tracyfurt,ryqxm
672,Daniels-Spencer,Christensenbury,jxwvt
673,"Dixon, Johnson and Ross",East Robert,ghwcr
674,,Johnborough,bxxfo
675,"Lucas, Mitchell and Holmes",Lucasmouth,jwdvg
676,Vance LLC,Arnoldfort,yqvjj
677,Sheppard Ltd,Rodgerschester,drvxt
678,"Frederick, Castillo and Davis",Garciafort,zhwek
679,Perez Group,Jessicastad,sguiq
680,"Cannon, Wolf and Miller",West Jennifer,qjhhz
681,Rios-Soto,Jeffreyfort,usegs
682,Brown Group,Russellburgh,yrdky
683,"Brown, Patton and Welch",Michaelmouth,fpkkv
684,Williams LLC,Petermouth,klzfa
685,Baker Group,Georgeville,
686,"White, Garcia and Bell",Taylorshire,zbupd
687,Randall-Bush,Amandashire,vchjf
688,King Ltd,South Danielleborough,tbwgv
689,"Peterson, Ross and Moore",Christopherbury,lnkrq
690,Rose-Hall,Hannahtown,bxdpz
691,Green and Sons,West Vanessaport,veswx
692,Burke-Sharp,Lake Phillipside,ukypw
693,"Dorsey, Steele and Mcclain",Port Tammy,
694,Hurley Inc,Zacharyfort,pclmw
695,"Williams, Hill and Shepherd",New Tracyland,lwueo
696,NULL,Donnahaven,
697,"Wilkinson, Hale and Maddox",North Luis,jjdid
698,Brown-Osborne,Manningbury,yiapx
699,ERROR,Singhstad,lmpmd
700,"Quinn, Jimenez and Gonzalez",Richardfurt,uysob
701,Rodriguez LLC,Markport,aqafh
702,"Fisher, Boyer and Sanchez",Port Sean,yryzq
703,Porter-Finley,Yvonneton,wndxx
704,Brooks PLC,Woodsview,ewzcq
705,"Davies, Fisher and Oconnell",North Jeremy,ERROR
706,,,kapdv
707,"Henson, Nguyen and Morales",Ryanborough,clqlx
708,"Salinas, Foster and Johnson",East Michelleview,jmtuc
709,Walker-Daniel,New Anthonybury,osbge
710,Cunningham LLC,Clairefort,
711,"Norman, Wilson and Scott",Christinastad,edelc
712,"Chang, Ramos and Myers",Johnsport,ljuea
713,Figueroa-Herrera,Lake Charles,dfnpy
714,Munoz-Thompson,Lake Cynthia,fygrs
715,"Cisneros, James and Thomas",New Christianfort,dgkiy
716,Lowe Group,Wendyside,mxqgc
717,Porter Group,Navarrostad,zozxo
718,"Barron, Barnett and Frederick",East Jennifertown,drzrp
719,"Lewis, Jensen and Snyder",Lake Madisonberg,
720,"Nash, Morgan and Anthony",North Marie,suwyb
721,Steele-Moore,South Michael,nvzjv
722,Austin-Price,Yateshaven,pvczq
723,Miller-Young,Taraview,rvnhd
724,"Henderson, Cunningham and Mcbride",East Elizabeth,fkdcm
725,"Haney, Harris and Coleman",Andersonbury,iawbz
726,Jenkins-Johnson,East Richardview,hhral
727,Ortiz-Sullivan,Millerchester,vrwdy
728,Wood Ltd,Alvarezhaven,zkdzm
729,Trevino-Williams,Kellermouth,hsvlk
730,ERROR,ERROR,umesp
731,"Baird, Garcia and May",East Heatherberg,bvaar
732,"Cole, Rojas and Gill",Port Katie,lcmve
733,Blake-Miller,Port Jenniferborough,pawul
734,"Robinson, Gregory and Pennington",New Toddbury,ebtwd
735,,North Louisberg,vsfad
736,"Wheeler, Moore and Goodwin",Jenningsview,hovxz
737,"Curry, Arias and Richardson",Bowersshire,zqexa
738,Martinez PLC,North Jessica,smxqc
739,"Flores, Bailey and Bailey",West Victoria,qwkyn
740,Sandoval-Davis,West Johnland,byzmc
741,"Cline, Sanchez and Jones",East Christopher,auqsz
742,Orozco-Gilbert,Tanyaton,fjokb
743,"Jacobs, Ramirez and Thompson",Mcbrideport,gskxr
744,West Inc,New Elizabeth,mnldb
745,Blevins-Ellis,West Kaylaberg,jeclj
746,Sutton-Alvarez,Ricefurt,pvwmr
747,"Torres, Soto and Kelly",North Victoria,cnwpn
748,Ward LLC,Hallton,aaehz
749,Norris-Harris,Williamborough,pboyc
750,Chambers-Francis,South Aprilport,qxpyw
751,Colon-Anderson,Lake Erin,ftcoq
752,Jones and Sons,NULL,msdmr
753,Lopez Group,West Stephaniefort,hjujz
754,"Daugherty, Roberts and Miller",Harringtonfort,nhswd
755,Greer-Reyes,South Valerietown,mzmzl
756,,NULL,yquad
757,Bowman-Garcia,Port Aaronfurt,lkmop
758,Adams-Schneider,New Michaelton,blasy
759,"Williams, Parker and Brown",Mooreport,
760,"Reynolds, Mcguire and Miller",Jenniferhaven,deckp
761,Wilkins Group,Port Stevenburgh,qsajt
762,Meadows LLC,Andreafurt,olplx
763,Gordon-Wilson,West Elizabeth,yvqzg
764,"Sullivan, Wheeler and Costa",East Brettton,rlsjs
765,"Castillo, Reeves and Maldonado",Joelfurt,
766,"Martin, Ewing and Smith",Heatherton,kkupe
767,Webb and Sons,South Charles,ljyuw
768,Stewart PLC,Lake John,qpzwe
769,Ray-Thomas,Austinshire,nlesc
770,"Frost, Griffin and Gomez",New Kristen,qffzr
771,Perry-Kelley,Marioshire,oojqm
772,"Torres, Pope and Vasquez",Mathistown,sshzu
773,Skinner-Jones,,yzqff
774,"Rice, Salas and Johnson",North Michelle,mzkvg
775,Jimenez-Meyer,South Kathleenbury,fprni
776,Wright-Miller,North Brandonview,nfufi
777,"Stewart, Munoz and Gray",Katherineport,geylb
778,"Clark, Taylor and Colon",New Nathan,njgki
779,Jacobson-Williams,East Ericaburgh,ERROR
780,,Rebekahshire,klenu
781,"Baker, Villanueva and Bell",West Melanieberg,wxfvv
782,Love-Collins,New James,rjnrr
783,Reed-Williams,South Mary,nmoef
784,Wall-Stewart,North Samanthatown,zsefc
785,"Phillips, Johnson and Rosario",South Williamtown,mwmte
786,"Jackson, Thomas and Hayes",Andrewport,ovidy
787,Jefferson Inc,Amyshire,vusak
788,Moore-Sullivan,Lake Gailmouth,iogzx
789,James Inc,New Erinmouth,
790,"Martinez, Clark and Johnson",North Zacharymouth,namxh
791,"Allen, Shields and Sparks",Bentleystad,kwdnw
792,Thomas-Hill,North Robertview,jomgv
793,Mason-Ingram,New Sallyside,uwmsv
794,"Martin, Thompson and Smith",Thompsonburgh,byhrc
795,"Lopez, Campbell and Brown",East Robertstad,qwymy
796,Welch-Ferguson,New Megan,txokp
797,"Hill, Hanson and Miles",NULL,uoapw
798,Greer-Rush,Aaronborough,aqepa
799,Lee-Brown,West Matthewburgh,ijfrh
800,Johnson-Rodriguez,Kathyport,lgyvq
801,Steele-Frazier,Potterview,kcfso
802,Harris Inc,Lake Jamiemouth,nitaw
803,"Walters, Lambert and Byrd",Yangburgh,bzmcg
804,,Meganmouth,tcqdx
805,Maddox and Sons,Perkinsport,methw
806,Brown PLC,New Jasonfort,fszqn
807,Howell-White,Port Christinamouth,cgihu
808,Frye-Silva,Brendaton,oszki
809,Gordon-West,Jaketown,ghlfu
810,Galvan-Nguyen,East William,jogui
811,"Brown, Williams and Bennett",New Brian,ulfss
812,ERROR,West Steven,
813,Howard Inc,Jacobmouth,nmbxn
814,"Owens, Robinson and Dickerson",Port Julieview,jjsby
815,Meyer Ltd,Reyesberg,liidq
816,Washington-Fletcher,Jackbury,myraw
817,"Hernandez, Robertson and Jones",East Samuel,paiyq
818,Anthony-Santiago,Hillville,zrzks
819,Martinez PLC,Alejandrobury,wmaue
820,NULL,Sherryshire,foszz
821,"Harvey, Hudson and Cook",Schwartzburgh,stiub
822,Mosley-Parrish,Greggview,mnhjv
823,"Long, Singleton and Harding",West Randall,alcth
824,Gibson Inc,North Shannonmouth,yuxkr
825,Clements-Cordova,Jacksonland,obxts
826,Sullivan-Miller,Katelynmouth,znhah
827,Sanchez and Sons,Lucaston,NULL
828,,Gonzalesmouth,lgglx
829,Ford-Nguyen,Port Stevenstad,fzxxb
830,Diaz-Roberts,,ERROR
831,Robles and Sons,Christopherfort,loixe
832,Reynolds-Valentine,West Nicholas,uwawp
833,,West Beth,ERROR
834,Burgess-Crosby,Sabrinaland,wpyqw
835,"Thomas, Little and Vega",,zkobe
836,Thompson PLC,Stacymouth,etbpq
837,King Inc,Williamsview,mzwlw
838,Fleming Group,Port Tara,pgope
839,Vincent Inc,ERROR,icvgb
840,Romero and Sons,Huffmouth,wezfh
841,Lutz-Rodriguez,Wadeview,cmpjx
842,Smith PLC,Meyerview,isemy
843,Bailey LLC,West Scott,mdqgl
844,"Gamble, Hanson and Arnold",South Garyland,xlzpf
845,"Serrano, Schneider and Alvarado",Anthonystad,jpiwv
846,"Brown, Conner and Miller",Gomezland,vpock
847,"Allen, Mcdonald and George",Erikaport,qlmjk
848,Cooley-Compton,New Stevenport,
849,,Thompsonmouth,xbfpq
850,"Hall, Benitez and Brown",Lowefort,pzufx
851,"Sanchez, Sullivan and Cooper",New Timothyton,ERROR
852,Everett Group,Mathewsshire,nvnpx
853,Collins-Thomas,Lake Donaldfurt,oojze
854,Lewis Inc,Morganville,tbhdh
855,Mckinney and Sons,Jamesview,urdsu
856,"Buck, Mcclure and Gallegos",Bensonland,fvxhp
857,Powell-Harris,Benjaminborough,vlmop
858,Davis-Hernandez,Lake Shawnshire,qdxpj
859,,Lake Matthewburgh,fwfrn
860,Wood and Sons,Markfort,ckmml
861,Stewart PLC,Royton,hjtuy
862,"Chapman, Sosa and Blair",East Patrick,rzvqs
863,Lyons Inc,Seanhaven,eyxxr
864,Carroll-Conner,Brookemouth,sfunu
865,Gregory LLC,West Dylan,eyrky
866,Burton-Ramirez,Cummingsview,roogv
867,"Chapman, Powers and Bryant",Pughburgh,jrdfr
868,Chapman Ltd,Harrisfurt,glqeg
869,Simmons-Suarez,Port Angela,udxsb
870,Morgan PLC,North James,hzvqa
871,Martinez Inc,Williamtown,ykouj
872,Daniels-Watson,Baileyport,vzrpf
873,Curry-Jackson,North Jennifer,hiiyr
874,NULL,Joshuafort,hldwb
875,Jones Group,East Danny,gmbmi
876,Walker-Taylor,New Tracytown,gkgse
877,Haynes-Kelley,,aifsz
878,ERROR,Anthonyville,qzkud
879,"Brewer, Bean and Greene",Erikaborough,whmpx
880,Martinez-Scott,Diazburgh,hnxfd
881,"Ho, Walker and Cohen",Wrightfort,NULL
882,Lopez-Hahn,Snyderville,scvev
883,"Coleman, Schneider and Moody",East Eric,iptio
884,Collins and Sons,ERROR,bxvfa
885,NULL,Lake Vincentland,tlkgz
886,Sosa-Pace,Ramseymouth,ufxse
887,Stevens Group,Garciamouth,guedo
888,Anderson PLC,New Matthew,hgiwk
889,,West Lisa,
890,Torres-Ramos,Lake Alice,
891,"Gilbert, Dominguez and Maldonado",Holtberg,dwytq
892,Dickerson-Brown,New Daniel,xnvtz
893,"Vaughn, Hicks and Moore",West Aaron,vphox
894,Edwards-Frazier,Lake Gregory,kotys
895,"Williams, Perry and Smith",East Victor,yhpac
896,Montgomery LLC,Murrayshire,vodhy
897,"Clements, Bell and Mccarty",Sharpmouth,tftor
898,Fox PLC,West Nathantown,tnknm
899,Weiss Ltd,Francesmouth,iklfb
900,"Ortiz, Henry and Nelson",Pughbury,hkoeu
901,,Thomasmouth,tjtms
902,"Harris, Lee and Holmes",Sallyfurt,lxljq
903,"Hancock, Carroll and Woods",Reidville,stamh
904,"Collins, Reeves and Palmer",Port Jameshaven,jwghj
905,Potts-Pugh,New Mia,zteet
906,,Zavalastad,avkht
907,"Walker, Glass and Myers",,monqb
908,Collins-Rivera,Andersonstad,pyoeh
909,"Smith, Sosa and Walters",Lake Bettyton,etdrd
910,Smith Group,East Kimberlyshire,ERROR
911,Garcia-Alvarez,North Johnhaven,pljde
912,,Leehaven,szetg
913,"Fernandez, Jones and Martinez",East Gabrielachester,szkhe
914,"Johnson, Mccarthy and Johnson",Patricialand,ukhty
915,"Baxter, Price and Horne",,shffu
916,Kent and Sons,Codyland,rmvfi
917,Dennis-Jordan,Blakebury,curjb
918,,Lopeztown,xrbcd
919,Weiss LLC,New Matthewfort,
920,Myers and Sons,Nathanhaven,NULL
921,Long-Chavez,Garciastad,ojyeq
922,Lamb-Houston,,hnpxh
923,,West Kayla,polgv
924,"Ray, Ochoa and Perkins",Ramostown,fniha
925,Bryant-Williams,Irwinport,srarz
926,Wagner LLC,Lake Robert,hmjvu
927,"Stephens, Ford and Oconnell",West Jennifer,sagvs
928,"Hamilton, Brown and Smith",North Jessica,ttgki
929,"Jacobs, Rubio and Smith",Jaredland,dyjpf
930,"Horne, Fleming and Johnson",Port Annbury,
931,"Orozco, Thomas and Cole",Grahamton,nmkfw
932,Rivas Ltd,East Thomastown,ponik
933,Hall-Lamb,Maryview,weoil
934,Craig Group,Shawmouth,tetqu
935,"Nelson, Zuniga and Myers",Tylerville,ocath
1053,Sanchez-Robinson,NULL,cpjry
936,"Malone, Anderson and Hernandez",New Jessicamouth,nmdwo
937,"Lane, Johnson and Taylor",Coopertown,qfpzr
938,Small and Sons,Ryanchester,rmqcw
939,Hernandez Ltd,New Jamesfort,inhvo
940,"Chambers, Bell and Fields",West Lynnchester,svrmp
941,"Taylor, Davis and Hartman",Annaburgh,
942,Pace-Holloway,Eduardofort,vsvxa
943,Miller-Johnson,North Roberthaven,fqncb
944,ERROR,Port Edwardborough,rpgbv
945,"Carroll, Roberts and Watkins",Lake Paige,ttyym
946,Ellis LLC,Kelleyberg,eufzl
947,Lewis-Brown,Miaburgh,tnjpu
948,Rowe Inc,Ellischester,sohph
949,"Hernandez, Montes and Espinoza",Stephensberg,ravnh
950,Hunter-Mendoza,Bobbyshire,xdwdb
951,Green-Saunders,Lake Michael,lefye
952,Bird-Church,West Monique,fgebp
953,Prince PLC,Port Janet,iovtw
954,"Harris, Patterson and Lee",South James,ymfog
955,"Bauer, Anderson and Juarez",Jeffreybury,NULL
956,Horn-Mills,Raymondchester,dktfy
957,,Port James,ietbg
958,"Benson, Smith and Torres",Perezfort,jvayy
959,ERROR,Bakerfort,swflx
960,Jones-Johnson,Ginafurt,dhwzv
961,Johnson-Rogers,Yolandatown,duhsr
962,"Scott, Sanchez and Mitchell",East Erika,rqiqk
963,Thompson and Sons,Cantrellhaven,uzpla
964,"Cole, Roth and Shaw",Lauraton,wsshs
965,Gomez-Johnson,North Gene,mfrdj
966,"Cole, Wilson and Kennedy",Port Alexandra,nydbm
967,ERROR,ERROR,pszys
968,"Brooks, Valdez and Buck",Lake Ariel,wkgks
969,Garcia and Sons,Leeshire,pgfhr
970,Patterson-Elliott,Mcgrathchester,rsgty
971,Lambert and Sons,South Stephenburgh,
972,Mckee LLC,Kimberlystad,ERROR
973,Gill and Sons,Paulville,oqrbz
974,Torres-Burns,Port Robert,hvxgy
975,Parker and Sons,Peckport,auoer
976,Jones-Pope,Hillville,tytmr
977,"Gill, Glenn and Carter",Andrewbury,uaycj
978,"Smith, Phillips and Mayer",Larrytown,tcwkx
979,Schwartz Group,NULL,ozjki
980,Little-Matthews,Sarahfurt,ntevv
981,Liu Ltd,Boltonside,
982,James-Willis,South Kaitlinhaven,txbzn
983,Miller-Lawson,North Mark,vkoms
984,Torres-Delgado,Lake Michael,icskq
985,"Chen, French and Mueller",North Cody,icqwh
986,"Dillon, Smith and Rodriguez",Michaelfort,bjorf
987,"Maldonado, Martinez and Jones",Marissaborough,wqdje
988,"Patton, Hill and Martinez",New Cassandra,wbbcn
989,Hodges PLC,Lake Christopherhaven,nwqfq
990,Cruz-Obrien,Jasonstad,yxueg
991,Hanson Inc,Whitetown,gqtag
992,Kramer Group,Tylerville,sqthk
993,Orr LLC,South Paulport,bgyws
994,Cunningham LLC,Simpsonville,hfeaz
995,"Lane, Alvarado and Smith",Alvarezborough,rrcti
996,Garcia and Sons,Hamiltonmouth,glpei
997,Martin Group,,ozcix
998,Clark Group,Griffinport,daveq
999,"Smith, Walls and Harris",East David,grogc
1000,Morales and Sons,,vgltk
1001,Daniel Inc,Lake Ronald,hzseu
1002,Bartlett LLC,Butlerhaven,
1003,Beck PLC,West Connie,ipima
1004,"Webb, Miller and Gregory",Owensville,jsosv
1005,Hayes-Clark,Markmouth,mxmfz
1006,"Byrd, Bailey and Perry",NULL,xonbt
1007,"Roberts, Lee and Scott",East Sharonmouth,sidkp
1008,Payne-Williams,NULL,oyebn
1009,Davis Ltd,Derekville,
1010,ERROR,Williamchester,fzuen
1011,"Suarez, Chandler and Hensley",Nicolefurt,yvgrq
1012,,Elizabethmouth,qnzbp
1013,Ferguson-Kelley,New Clifford,luzjk
1014,Ho-Williams,Wilkersonland,btnnv
1015,"Anderson, Smith and Smith",Reneeland,zsdwe
1016,Martin-Nunez,Lake Diana,wpwva
1017,Martin Inc,West Katherine,peqws
1018,Moore-Grant,,uwork
1019,Murphy LLC,Lake Timothy,wpxhd
1020,"Reynolds, Stokes and Graham",Kayleeberg,uoffb
1021,Wood-Cabrera,Leonmouth,yelcp
1022,Kirk-Cameron,East Jessica,srtsh
1023,Chapman Inc,,dhzfr
1024,"Gordon, Chung and Smith",Parkerland,
1025,Reid-Castillo,Lake Stacie,wydfj
1026,"Mitchell, Freeman and Jackson",New Teresa,tjjkr
1027,NULL,,yotvd
1028,"Davenport, Phelps and Walter",Garzaview,pphgb
1029,"Nguyen, Acosta and Johnson",ERROR,uhfrj
1030,Petty Ltd,South Robertomouth,kluvg
1031,Galloway Ltd,Nathanielside,rxdhp
1032,"Russell, Palmer and Davis",South William,owvxo
1033,"Livingston, Lynn and Taylor",Espinozatown,fayvj
1034,Warner Group,South Sonya,okfkm
1035,"Miller, Parker and Harris",New Claudia,qvdkq
1036,Brown-Reed,Sherrytown,guayj
1037,Williams-Tran,Hartbury,qquac
1038,"Winters, Acosta and Bird",Mccannshire,mbyfu
1039,Nguyen-Haynes,North Rebecca,ppojl
1040,Lane Inc,Robertstad,wfpfm
1041,Hodge-Mullins,ERROR,vzgoi
1042,"Leon, Kim and Hall",Danielborough,gsyeo
1043,,North Carl,xzjqf
1044,Mahoney Inc,Wilsonfurt,yvfra
1045,Villa-Ochoa,East Angelashire,hpkiu
1046,Hernandez-Summers,North Christianfurt,cdlqp
1047,Hernandez-Castillo,Samanthastad,xyzdk
1048,"Andersen, Williams and Thompson",Foxstad,xmdnz
1049,Gibson Group,South Michaelbury,peddx
1050,Cook-Scott,Angelaport,ixcfv
1051,Henson Ltd,Knappfort,gaxaa
1052,Torres-Mccoy,ERROR,ozzge
1054,"Cruz, Dominguez and Singh",Chadton,sljqg
1055,Ross-Ritter,Port Jessica,ijrlv
1056,Cox-Pena,East Georgefurt,kmtls
1057,,Richardburgh,drrpg
1058,"Taylor, Lin and Nichols",Woodwardfurt,wjjlk
1059,"Scott, Cline and Bryant",North Kathryn,gkvwm
1060,ERROR,East Richardside,ylgcc
1061,"Petersen, Walters and Patterson",Brittanyport,zxplm
1062,Gay LLC,North Kelly,pfsru
1063,King-Turner,Sherryfort,ijvxx
1064,Floyd-Hernandez,,zzvok
1065,"Hendricks, Richards and Callahan",East Michaelborough,fcwsa
1066,Adams Inc,Rubenburgh,ezopq
1067,Best-Miranda,Bellshire,mugak
1068,Decker LLC,West Charles,fipoi
1069,Edwards-Boone,North Ryan,xpscm
1070,Velasquez-Jimenez,ERROR,eopbx
1071,Winters and Sons,Williamville,nhjiv
1072,Hunter Inc,East Michael,bqkou
1073,"Reilly, Lopez and Kelley",Hutchinsonside,ilbfp
1074,Carr Inc,Jerryborough,dzlbg
1075,Thompson LLC,Cesarview,tipou
1076,Anthony-Hill,West Jose,yyqdk
1077,Rivera-Juarez,ERROR,mmzof
1078,Johnson PLC,Lake Taylorberg,vhbmp
1079,Miller-Norton,Lake Markland,zztcs
1080,Heath Group,Patriciaton,hivhx
1081,Guerra Ltd,Aaronshire,ERROR
1082,Garcia-Martin,Johnsonland,wipsg
1083,,Taylorfurt,anxlu
1084,Jones-Macdonald,Lake Sophia,ehbta
1085,"Obrien, Christian and Arias",North Rebecca,
1086,Jones-Martinez,Port Derekborough,vqmmf
1087,ERROR,Gonzalezland,dstsr
1088,Hall and Sons,North Luis,tzbve
1089,Swanson-Santiago,Mcintyreburgh,pbqvf
1090,Phillips-Hansen,,NULL
1091,Scott-Perez,Michaelshire,lblsi
1092,Hunter PLC,Lisaton,hbabw
1093,"Johnson, Jackson and Burnett",ERROR,
1094,Wallace-Russo,East Kevin,ojqvv
1095,,South Mary,pawrr
1096,Jordan-Hunter,West Matthew,btvct
1097,"Henson, Strong and Strickland",Davidsonfurt,ltbbs
1098,"Higgins, Barker and Greene",New Robert,wvbgh
1099,Lucas-Welch,Taylorborough,NULL
1100,"Parker, Clark and Mendoza",Lake James,ynkkw
1101,"Bernard, Maxwell and Thompson",East Andrewbury,hlave
1102,Forbes-Alvarez,South Valeriebury,inlay
1103,Jackson-Johnson,Lake Gregview,vwzlf
1104,"Porter, Booth and Wilkins",Erikaberg,tnwww
1105,"Moore, Schmidt and Ortega",Angelaberg,kuuyf
1106,Rice Ltd,West Justinstad,tnanb
1107,Berry Group,Andreaberg,hcyxa
1108,Powell-Villa,Donnaburgh,
1109,,Nealbury,nvbtb
1110,Gordon-Mcdonald,Colehaven,vtrwk
1111,Weiss and Sons,West Aprilfort,NULL
1112,Robinson Inc,Clarketon,xfkai
1113,Hernandez Group,Port Lauren,ddttv
1114,"Cummings, Odonnell and Fowler",Cunninghamchester,cgrte
1115,"Fowler, Washington and Lee",Peggyberg,fkdkw
1116,,,
1117,,East Chelseaville,xhnbb
1118,Thornton LLC,Williamshaven,flwis
1119,Richards Group,Watkinsland,rypni
1120,Mcconnell Group,Nguyenview,ftaps
1121,"Osborn, Howard and Potter",Shermanton,fjlga
1122,Huynh Ltd,Wardville,sluud
1123,NULL,Port Dustin,yhjst
1124,Valdez Group,Jacksonmouth,ofsfg
1125,Cline-Davis,Lake Dawnburgh,NULL
1126,"Peterson, Callahan and Nichols",Port Timothy,slkat
1127,NULL,West Michaelside,eukvd
1128,Golden Group,Barbaraside,nkigw
1129,"Washington, Rose and Terry",Victoriaport,jbhis
1130,"Jensen, Davis and Cooper",New Shannonshire,fwsfk
1131,Knight-Archer,North Brian,fizee
1132,"Nguyen, Vazquez and Foster",New Paula,ncnxl
1133,"Larsen, Price and Larson",Wrightside,wvikf
1134,"Zamora, Mclean and Berry",Rachelport,mwkmg
1135,Tucker Inc,,jzwtc
1136,Edwards-Chavez,Lake Jessica,gyqkp
1137,Hernandez-Armstrong,East Kimberlyland,pblew
1138,Brooks-Watson,Kurtton,
1139,Lee-Ward,Bellfurt,kquto
1140,Rodriguez-Newton,New Dwayne,gppap
1141,Johnson-Holland,North Amybury,egrzx
1142,Warren-Wright,Port Sandra,bgtlz
1143,Santos-Golden,Howellborough,okzto
1144,"Hammond, Mercado and Carlson",Chaneyville,hwtim
1145,Ashley and Sons,NULL,jlwou
1146,Jones Ltd,Robertchester,zbfgp
1147,Brooks PLC,Richardsside,ptnvp
1148,"Hernandez, Anderson and Dickerson",Leonardmouth,sxwld
1149,"Meadows, Kelley and Henderson",,vpvgf
1150,Christensen-King,East Diane,uimci
1151,Atkins Group,West John,qncad
1152,Jones-Myers,Lake Elizabethchester,vigni
1153,Jackson Group,East Brian,nongw
1154,Johnson-Ward,,fugxs
1155,Butler Inc,Bryantshire,fdflf
1156,"English, Campbell and Spencer",,kdjag
1157,Mcconnell Inc,Bentonport,diedx
1158,"Thompson, Ramirez and Lynch",,lbbap
1159,"Jackson, Reed and Roach",Turnertown,
1160,"Lopez, Miles and Bright",Kellieville,fjmnk
1161,Graham Ltd,North Crystalmouth,klkmx
1162,ERROR,Jamesfort,wyfzh
1163,Villarreal Group,,jdapq
1164,Pittman-Gordon,ERROR,isuzg
1165,Brooks-Stephens,Delgadoport,adtvb
1166,Hill Group,Lake Laurastad,znwyl
1167,Perez Group,Port Valeriefort,ebkls
1168,NULL,Port Shawn,flydg
1169,NULL,Blackville,zaeyp
1170,Bryan-Vang,Hubbardtown,qniee
1171,"Reeves, Obrien and Massey",,xxwmo
1172,Wong LLC,South Kaylaville,pikej
1173,Miller-Mullen,Port David,qfbjv
1174,Charles Ltd,Patriciamouth,ksoib
1175,Flores Ltd,Moorestad,yqbze
1176,Gonzalez LLC,Lawrenceborough,ygomk
1177,"White, Sanchez and Johnson",Tammyfort,cyjol
1178,Baker and Sons,Katherineland,torag
1179,Pearson Ltd,New Jason,xilky
1180,Rodriguez Group,Lake Glen,mhinl
1181,Ewing LLC,Bendermouth,tdwsb
1182,,Lawrencemouth,kcjgr
1183,,Loriburgh,rtcjt
1184,"Novak, Pope and Greene",Ramosborough,egdcb
1185,Ortiz Inc,West Dominique,ijszb
1186,Fleming-Austin,Codyport,rzmju
1187,Lopez-Jones,Shafferborough,mebew
1188,Smith Inc,Port Paige,ybcyn
1189,Spence-Bryan,South Tiffanyfurt,zsmei
1190,Davis-Compton,Lake Stacyburgh,mmdpw
1191,Walker PLC,Andrewchester,jfpqk
1192,Kirk PLC,Michellefurt,ERROR
1193,"Bates, Garza and King",ERROR,ssnzg
1194,ERROR,Port Andrewhaven,
1195,Hernandez-Coleman,NULL,iohxr
1196,Olson LLC,Noahfort,bupqr
1197,"Moore, Cruz and Avery",Port Austin,fyeih
1198,Smith and Sons,Carlsonfort,cpzgn
1199,"Hodges, Nguyen and Mcmillan",,cgohc
1200,"Stevenson, Scott and Hansen",Crawfordview,ifakx
1201,Evans and Sons,Kelleyborough,uhxaj
1202,"Jones, Brown and Lopez",,cmecu
1203,Cook Inc,New Jeanmouth,
1204,Cruz-Oliver,Joneston,fatcf
1205,Thomas-Moore,North Terrance,uocje
1206,Martin Inc,Aprilfort,velai
1207,"Hughes, Franco and Ellis",Adamschester,fnlpl
1208,"Park, Underwood and Davis",South Christinashire,etqcy
1209,Cole-Thomas,West Davidtown,rofyp
1210,Butler-Garza,Robertsfort,mkgjw
1211,Weeks and Sons,Marshfurt,wgvbo
1212,Marshall Inc,Ramseychester,btses
1213,Klein LLC,Leeland,uupwz
1214,"Mills, Powers and Green",North Lisa,ntelh
1215,Robinson-Washington,Tiffanyside,ulopc
1216,"Rhodes, Sherman and Berger",Daniellechester,uvggg
1217,"Carter, Donovan and Anderson",North Tiffanyville,vjumy
1218,Gibson-Villarreal,Ashleyberg,zwxpp
1219,Martin LLC,North Justin,jexdl
1220,Mckenzie-Gonzalez,Lake Kathleen,ayqif
1221,Atkinson Group,Port Elizabethstad,yomux
1222,Brown-Brooks,South Daniel,mnerd
1223,NULL,Brittneybury,rkzql
1224,"Blanchard, Sloan and Terry",Kevinview,vaxau
1225,Gould-Lyons,East Brandon,rvohh
1226,Guerra-Lara,Yorkfurt,cnoct
1227,NULL,East Michelle,ileua
1228,Turner-Todd,South Sarahchester,djgqg
1229,"Gallagher, Hogan and Guerra",,uvgzy
1230,Manning-Robertson,Laneshire,cevhn
1231,Wilson Group,Abigailland,psbnt
1232,Hatfield-Baker,Stevensstad,lgbgv
1233,Morris Group,Anthonymouth,dztgo
1234,Larson Ltd,Joneschester,ktlfa
1235,Johnson-Smith,Charlesville,zdtsd
1236,Rodriguez-Mills,West Brian,nlyys
1237,Duncan-Jones,Reynoldsville,gwltt
1238,Collins Inc,Greerville,mppxg
1239,Manning-Lee,West Jamie,wmdti
1240,"Peck, Perkins and King",New Belindahaven,vevep
1241,Woods PLC,Brittanyburgh,mogig
1242,Moyer-Smith,,jinir
1243,Kim-Lloyd,Williamsport,zslah
1244,White PLC,Amandafurt,
1245,Evans Group,Perryfurt,ijxem
1246,,Huertahaven,npznj
1247,Mason Ltd,Port Kaylaside,dgklr
1248,Jones Inc,West Susanstad,fxdyf
1249,Keller-Roth,Sharonside,
1250,Watkins Inc,New Timothyburgh,rgwmc
1251,,Goodtown,yzicg
1252,Pruitt Ltd,West Victoria,dhogd
1253,Henderson-Harrison,North Anthonytown,mytqp
1254,ERROR,Holmesmouth,sryqc
1255,Romero-Harris,Port Heidiland,bittz
1256,Walton-Simmons,Vasquezchester,wihhk
1257,Harvey PLC,New Samanthastad,tclpd
1258,Torres-Fernandez,Brownside,igzqx
1259,"Barker, Tran and Valdez",New Billy,
1260,Pratt-Torres,Brownshire,pjjdp
1261,Davis Inc,Lisaview,hnwkl
1262,Frost-Sanchez,North Eric,odmjn
1263,Mullins-Wood,North Robertbury,ajdor
1264,Burgess-Davis,Sandovalmouth,ERROR
1265,ERROR,Thomasview,rykpd
1266,Jensen Group,West Dorothy,gyuoy
1267,,Lake Monicabury,ppqki
1268,Martin-Strong,Port Joshua,fhnld
1269,"Michael, Johnson and Anderson",Port Justinside,vmuoc
1270,Johnson Inc,Mauriceshire,xxfdj
1271,Erickson PLC,Edwardsburgh,vyfax
1272,"Ball, Gordon and Pierce",Wilsonmouth,bhqei
1273,Stafford PLC,West Duanemouth,ultda
1274,Ortiz LLC,South Tiffanymouth,lbmui
1275,"Davis, Sanchez and Robles",,xtafw
1276,Young-Vargas,South Jesseville,ohqzr
1277,"Gonzalez, Allen and Weber",Port Tamara,clqzn
1278,"Fisher, Garcia and Brown",New David,hembj
1279,Johnson Inc,South Lauren,uwloz
1280,Gibson Group,NULL,gkpdc
1281,"Adkins, Miranda and Owen",Tashaborough,ERROR
1282,Neal-Aguirre,Natalieside,vfgdh
1283,Stone Inc,East Daniel,exfcn
1284,Golden LLC,Port Sara,nhzjy
1285,Edwards-Mendoza,NULL,aumdy
1286,"Tran, Lopez and Jones",New Shawnborough,sqjmf
1287,Costa-Garcia,Murphyview,xzzjx
1288,Gray-Cain,New Robinport,mqiee
1289,Torres Group,Welchborough,qxrqb
1290,Sutton-Lopez,New Laura,dewpv
1291,Hardy-Miller,Port Richardtown,qtrsn
1292,Williams-Sanchez,ERROR,klulg
1293,"Oneal, Huang and Mckay",Nielsenbury,xlsbn
1294,"Brown, Newman and Moore",,jxrpj
1295,"Parker, Cox and Ray",Raymondview,
1296,Savage-Hunter,Chadshire,hhzam
1297,,East Denise,mwwts
1298,"Rogers, Smith and Perez",Lake Denise,qrpme
1299,ERROR,Port Christopher,dmxxb
1300,Mitchell-Lopez,NULL,vyeua
1301,Campbell PLC,Kimberlyburgh,pyftw
1302,Wright-Murphy,Nancyfort,svvbu
1303,"Martinez, Barron and Robinson",West Whitney,mhzzk
1304,"Smith, Fields and Bishop",NULL,nhufa
1305,,South Miastad,skgiu
1306,Morales-Contreras,Lake Steven,wnwvv
1307,Merritt-Melendez,Kimberlyside,ckgqu
1308,Sanders-Dixon,Vegaland,sqgou
1309,Harrison and Sons,South Jacob,qjudc
1310,"Taylor, Robinson and Allison",Meganfort,egwrn
1311,Perkins Group,West John,gsfxy
1312,Mendoza and Sons,New Austinfurt,glkqn
1313,Williams LLC,Johnborough,rivbs
1314,ERROR,South Jameshaven,ojhza
1315,Rice-Butler,Westport,dlvxj
1316,Long-Nelson,East Bryanstad,undfk
1317,White PLC,West Brentborough,eupwp
1318,Edwards Ltd,Nicoleburgh,vrfof
1319,Powell Inc,Duncanstad,izogy
1320,Kemp-Mejia,,qlrfu
1321,Nelson Inc,Carrieland,neiqf
1322,Smith-Bowen,Hoovertown,qphac
1323,Perez and Sons,Jacksonmouth,zqaxk
1324,Bennett PLC,Jamestown,fkafh
1325,Rodriguez LLC,Port Jasonstad,hkaoo
1326,,New Jason,wfnkl
1327,"Alexander, Johnson and Ingram",Marilynville,gmzgg
1328,Stone-Taylor,Lake Pamelaberg,pzogk
1329,Mcfarland-Fowler,North Juanborough,dcbyv
1330,Sims-Aguilar,New Gregory,cayqu
1331,"Williams, Hill and Fischer",South Theresa,uiruc
1332,"Smith, Sanchez and Rodriguez",Nancyland,grxli
1333,"Hall, Perkins and Leon",Draketown,dftgn
1334,Bright-Farley,West Christopher,gckrz
1335,Trujillo Group,Hobbsport,ufmsp
1336,Gaines-Fernandez,Lake Christine,nanmr
1337,King LLC,East Kelly,nqoes
1338,"Sims, Marquez and Herman",Ericfurt,cvpjb
1339,Thomas-Walsh,,dbkbj
1340,"Turner, Medina and Bentley",Justinfurt,mgwev
1341,Anderson and Sons,Hernandezborough,yebsb
1342,,New Edwardbury,wwpbs
1343,"Fleming, Clark and Martinez",East Taylor,hotkh
1344,"Velasquez, Rios and Blackwell",Johnsborough,mefaa
1345,"Cherry, Johnson and Mann",Taylorland,odbeh
1346,ERROR,New Sandra,maazb
1347,Robinson-Hernandez,North Timothy,xgbvd
1348,Massey Group,Turnerchester,myzvf
1349,Smith-Madden,Amandaberg,
1350,Bradshaw-Morrison,Bruceview,aomjj
1351,Smith-Ponce,Port Philip,vxxrp
1352,Erickson-Boyd,Stephensonstad,xwfla
1353,"Robertson, Kelly and White",Kathrynborough,wsiwa
1354,"Ramirez, Davis and Lewis",Terriburgh,lcpcb
1355,Benson-Eaton,Monroeside,whvir
1356,Weeks-Bailey,Kimberlyfort,plrwd
1357,"Lutz, Price and Johnson",Laurieshire,zcrjf
1358,Snyder-Smith,Bassport,edwdo
1359,Pacheco Ltd,New Williamstad,vectw
1360,Tucker and Sons,Port Kristenchester,ysvcm
1361,Ramirez PLC,Hillton,
1362,Parsons-Dixon,New Breannafurt,qrgaf
1363,"Hughes, Cobb and Cobb",East Stephanieberg,nvzdq
1364,Macias and Sons,New Brian,vahxs
1365,Hernandez-Stout,New Brent,fpidf
1366,Robinson LLC,Markston,uokgw
1367,George and Sons,East Kathleenmouth,ekwva
1368,Hernandez PLC,Taylorchester,dixbf
1369,ERROR,South Julia,jfrto
1370,Gibson-Harris,East George,
1371,"Olson, Taylor and Dyer",Butlerborough,mjaft
1372,Ray-Hicks,Port Richard,onjij
1373,"Smith, Santana and Wilcox",Ericside,psski
1374,"Patterson, Byrd and Crawford",ERROR,zsndy
1375,"Rodriguez, Schneider and Jones",NULL,tbcnm
1376,ERROR,North Ralphton,llxxg
1377,"Johnson, Hall and Strickland",New Mitchell,tvwet
1378,Adams-Cook,Sextonberg,zxmyi
1379,Roberts-Wright,Kelseytown,cksmo
1380,"Harris, Taylor and Barber",,frwnm
1381,"Bowman, Herrera and Goodman",Smithton,izqpl
1382,,Ramseyfort,ERROR
1383,Peterson-Forbes,Palmerfort,mpxam
1384,Galvan-Andrews,South Janestad,mflte
1385,Nelson Group,Lake Meghan,cmjbw
1386,Gonzalez-Brock,South Jennifer,esrbc
1387,Phillips Ltd,Cartermouth,mvucg
1388,Owens Group,Juliemouth,xfjpi
1389,Williams LLC,Denisemouth,asgyh
1390,"Myers, Williams and Ross",,vabhs
1391,NULL,Daniellemouth,lsoqi
1392,,Lake Kimville,blgyy
1393,Valenzuela and Sons,East Ronald,ipofk
1394,"Smith, Watts and Benson",New Philip,kspid
1395,Navarro-Conley,Velazquezshire,gbnwq
1396,"Henderson, Doyle and Richard",East Cody,
1397,"Ochoa, Martin and Preston",North Lauren,ueplv
1398,Reynolds-Thompson,New Jessica,zkawb
1399,,New Clifford,mhfzn
1400,"Barnes, Leonard and Mitchell",Port Karen,dcegb
1401,Ramos-Li,New Reginald,iiskl
1402,"Bryant, Diaz and Taylor",East Johnborough,jwank
1403,Rodriguez LLC,Port Billy,yyrob
1404,NULL,Port Ashlee,uvahc
1405,Kelly-Allen,Fullershire,wkdqy
1406,"Allen, Jarvis and Smith",Floresport,ivvsc
1407,"Houston, Turner and Marsh",West Danieltown,uehoz
1408,"Luna, Davis and Calhoun",Nortonmouth,egfgx
1409,"Washington, Adkins and Morgan",West Aliceberg,tuxfq
1410,Holt-Lindsey,Millerburgh,kcygm
1411,,New Mary,mcqwg
1412,"Hunt, Martin and Wright",Danielton,gpddi
1413,Lewis Ltd,North Tyler,cvdnk
1414,Hoffman-Fuller,Clinebury,zqjrg
1415,"Nguyen, Johnson and Mccullough",Christopherland,mvwoh
1416,Williams and Sons,Cindyside,sfhnm
1417,Sims PLC,South Lindsay,vknho
1418,"Parks, Porter and Parsons",Brentstad,vpsgr
1419,Davis-Murphy,Christopherfort,tqudc
1420,"Parrish, Ellis and Johnson",Anthonyland,fokki
1421,Phelps and Sons,Veronicachester,pejkt
1422,NULL,Johnburgh,ilysb
1423,Gregory-Ramsey,Teresamouth,asymn
1424,Huffman-Pollard,Taylorville,vbrzs
1425,Franco-Wilson,West Ericberg,ngvgc
1426,Garner Ltd,New Nathanland,athls
1427,Martinez Inc,Michelleshire,rking
1428,Smith-Leon,NULL,cjvqh
1429,Morgan Inc,West Tom,awwsq
1430,Webster and Sons,Alexanderville,qoosh
1431,Bailey-Terry,Beverlyland,uiqog
1432,"Gamble, Dunlap and Smith",Thomasborough,fgyjt
1433,"Bolton, Doyle and Stanton",Connorstad,apocj
1434,Willis Inc,North Michael,aklgu
1435,Cooper-Anthony,West Loretta,byyjk
1436,Holmes-Garcia,,isvpq
1437,Hanson-Herman,East Tinaside,drzvs
1438,Scott-Martinez,Hesston,avegl
1439,"Carter, Taylor and Alexander",Jorgeville,rqvku
1440,"Mccall, Delgado and Green",West Lori,oseim
1441,Howe PLC,East Jasmine,rejmk
1442,Rivera-Herring,Roymouth,cdomd
1443,Schroeder-Holt,North Ronald,
1444,Thompson-Henry,Meyersberg,ozfds
1445,Johnson-Duncan,North Antoniobury,acdzj
1446,,Stewartland,bcgvy
1447,,West Jennifer,mhinj
1448,Brandt-Russell,North Lisaton,
1449,,Amyview,belik
1450,Morse PLC,New Johnbury,vdgos
1451,Montgomery-Wilcox,Charlesshire,fcqyh
1452,Little PLC,Peterberg,kqndk
1453,Kim-Perry,New Courtney,
1454,Thomas-Jacobson,Jamestown,sfatl
1455,Rhodes-Lester,Johnsonbury,mrarp
1456,Cohen Ltd,New Christinaburgh,lwzel
1457,Lara-Rivera,North Wayne,aawhy
1458,Garcia Ltd,Roseberg,kgjah
1459,Hughes-Harrison,Victoriafort,ygfnv
1460,Smith LLC,East Dennis,ftwxq
1461,King LLC,South Katherinefurt,wpnoe
1462,Moore-Hamilton,Garciabury,NULL
1463,Freeman Ltd,Simpsontown,dlcgn
1464,Duncan and Sons,Lake Joel,eelds
1465,Branch-Craig,Vaughnshire,rovwi
1466,"Graves, Browning and Gonzalez",Benjaminville,kqwwb
1467,"Bennett, Robinson and Ortiz",Lake Rebeccachester,vvqhc
1468,Castro-Mercado,Port Josephshire,fqgfk
1469,Thompson-Peterson,Port Petershire,aosmv
1470,Gibson-Coleman,South Markborough,qipmf
1471,Martinez-Bender,South Jeffreyburgh,xmmie
1472,"Hunt, Taylor and Haynes",South Shannon,fmfjy
1473,,North Johnfort,lleep
1474,,Kathleenstad,aphch
1475,Jackson-Harris,Wattsfort,jukho
1476,Thompson Inc,Dylanside,jyqhg
1477,"Murray, Farmer and Hudson",Lake Amanda,hixtz
1478,Powers PLC,,vukpm
1479,Dennis-Mitchell,Lopezfort,foemn
1480,Lawson-Galvan,New Jared,fihyx
1481,Wright-Alexander,North Justin,qlbve
1482,"Hubbard, Perez and Powers",East Emily,cztlg
1483,Vasquez LLC,Chapmanchester,okzhf
1484,Greene-Pope,East Miguel,ukoyg
1485,"Hamilton, White and Nixon",Brownview,fmyqx
1486,Lee Ltd,Lake Ashleyport,zxdbw
1487,Banks-Steele,Johnberg,nhpel
1488,Garcia-Johnson,Kimberlymouth,arhnq
1489,Lopez-Thomas,West Kevin,rprkn
1490,"Anderson, Salinas and Love",Langport,szlyt
1491,Moore-Moody,Johnsonbury,xijvr
1492,NULL,Nicolefort,ugyuj
1493,Velasquez-Nicholson,East Michelleshire,kvseo
1494,"Orozco, Stokes and Diaz",South Josephville,panli
1495,"Flores, Mcdonald and Ramirez",New Jessicamouth,wfqpn
1496,Baker-Hansen,East Jenniferport,uhjzt
1497,"Solis, Parker and Jordan",South Amandaville,sgyrk
1498,Caldwell-Kane,North Jacobside,rfcjx
1499,Taylor Inc,North Wayne,jdydx
1500,Espinoza LLC,New Ronnie,lvkwc
1501,Cobb and Sons,Johnstonland,dflpa
1502,"Williams, Garcia and Chandler",North Juliefort,jgoel
1503,"Hughes, Wagner and Nguyen",North Aprilmouth,tpvvg
1504,Cox-Mcdonald,Salazarchester,scfwv
1505,Castaneda Group,Emilyshire,kwtij
1506,"Taylor, Thompson and Brooks",New Sandra,eatse
1507,Smith Ltd,West Justin,onsyi
1508,"Ochoa, Reyes and King",South Tonya,ozgjy
1509,"Robertson, Durham and Allen",West Brian,jenta
1510,Hanson-Velazquez,South Alisonside,wyvla
1511,Alexander-Harris,Kevintown,dikwt
1512,Hammond-Price,New Ambermouth,osdvc
1513,Hopkins Inc,Sarahborough,xhdhj
1514,Williams PLC,Feliciaside,yeekr
1515,,Port Karlberg,kxwsv
1516,Morales-Blankenship,North John,dbkfy
1517,"Wilson, Gutierrez and Jacobson",East Frances,hhukd
1518,"Moreno, Little and Gordon",Wilsonside,vssvi
1519,Whitaker Inc,ERROR,jvwrg
1520,"Manning, Young and Jenkins",New Lindsey,ieucc
1521,Crawford Inc,Christopherfort,ihwpc
1522,,Thompsonborough,kpaql
1523,"Reed, Sanchez and Taylor",Phillipsport,qiyem
1524,Allen-Robinson,Port Mariostad,NULL
1525,Jackson-Bond,Edwardsbury,fwddp
1526,"Cook, Sanchez and Foley",South Michelle,nynhw
1527,Hoover PLC,Nathanielside,
1528,Thompson-Church,South Michelle,ngxqb
1529,Diaz-Morris,Lake Samuelshire,ERROR
1530,"Johnson, Smith and Schmitt",Josephborough,ikdse
1531,Brown-Hendricks,Amandamouth,vnapa
1532,"Smith, Farmer and Merritt",Brownberg,xkfcf
1533,"Johns, Hughes and James",Sylviaburgh,qsvdg
1534,ERROR,East Jenniferhaven,lpett
1535,"Williams, Robinson and Garcia",West Masonchester,ugnzy
1536,Parsons Ltd,North Manuel,wudbc
1537,Morgan-Mitchell,Port Jordanview,wazrd
1538,Martinez and Sons,Elizabethborough,kbrsp
1539,Velazquez PLC,New Tracyfort,mhien
1540,,Jenniferville,vnfwm
1541,"Burgess, Lynch and White",North Bruce,mkpzo
1542,"Newton, Kelley and Lindsey",Wilsonside,tetcg
1543,"Gonzales, Moreno and Pham",West Karen,hvpoc
1544,Griffin Ltd,East Davidstad,xxmgn
1545,"Mayo, Davis and Walker",Lake Anna,ouarw
1546,Gardner-Willis,NULL,ytwqx
1547,"Compton, Ashley and Brown",Port Laurenchester,fkdsy
1548,Clark Group,Davisport,trddp
1549,Williams-Campbell,East Omar,orylo
1550,"Wolfe, Johnson and Wise",Zacharyhaven,jjqtl
1551,Goodwin and Sons,New Michaelberg,ovnak
1552,"Walters, Wong and Alvarado",East Stephen,
1553,Powell-Diaz,Michaelburgh,tiktr
1554,"Mitchell, Jenkins and Harmon",Toddfurt,jagfd
1555,Ray-Lee,,
1556,Stanley LLC,Port Melissa,osqfc
1557,Watson PLC,South Cameronshire,mpkhv
1558,Wilkins-Shields,Martinfurt,cdcsl
1559,Frost-Hill,Shannonburgh,ehdde
1560,"Spencer, Allen and White",Beasleyland,aqfsh
1561,Smith Inc,Benjaminbury,jjupn
1562,Gomez PLC,Melissaland,
1563,Blankenship Ltd,North Rickey,mnqgg
1564,Fernandez PLC,East Andrew,kcipd
1565,Arnold PLC,East Williamstad,ygbmj
1566,"Smith, Ramirez and Kelly",Salaschester,xidfd
1567,"Cooley, Gibson and Brown",,iduio
1568,Hampton-Berg,Shannonmouth,cxrna
1569,Jackson-Clark,Batesberg,dchqu
1570,NULL,East Christopherside,wopnw
1571,Mayer PLC,North Jasmin,xymbw
1572,Fletcher-Johnson,New Melanie,wfxmi
1573,"Ross, Mccarthy and Knight",Boyershire,sezyn
1574,"Sanchez, Cain and Schneider",Anthonyhaven,wzkcb
1575,Robbins-Gibson,Tuckerville,batow
1576,Dixon Group,Carolynhaven,eqafs
1577,Clements-Pearson,West Sheilashire,mzyts
1578,Gibson-Hughes,Lake Dakota,iwbhu
1579,Walker-Harris,South Kenneth,blwqr
1580,Mueller-Vincent,Smithburgh,yrgsu
1581,Edwards-Morgan,Blakebury,bycap
1582,"Alvarez, Schroeder and Williams",Alexandriaport,
1583,"Smith, Jackson and Nicholson",East Timothy,tcltm
1584,Burgess-Watts,New Jakeburgh,ezvyf
1585,,Maryland,ozmbk
1586,,West Barbaramouth,snzkg
1587,Macdonald-Richardson,West Brian,uggbp
1588,"Mann, Gray and Smith",Port Angelachester,qdmdv
1589,Carpenter and Sons,New Melissa,ikpjw
1590,Medina-Acosta,Jefferyshire,vgdlu
1591,Krueger-Gilbert,South Lisa,turyq
1592,Houston Inc,Lake Hannahburgh,moxsg
1593,Taylor-Lutz,West Cheyenneport,ltvbo
1594,Hernandez Inc,Aliciaview,rtrkr
1595,ERROR,Mcbrideshire,gudkl
1596,Kemp-Payne,New Elizabethberg,flqiz
1597,Mcgee-Meyer,Jonesberg,eatul
1598,Boyd-Walsh,Philipshire,figje
1599,"Wilson, Baker and Gonzalez",East Kevin,yimva
1600,"Rice, Bowers and Johnson",Smithville,smsav
1601,Lara-Hunter,South Williamborough,zhmrz
1602,Nielsen-Morris,Hansonborough,lgqfn
1603,"Moran, Stewart and Daniels",West Sandratown,NULL
1604,Carlson-Martin,Davisshire,hmtbb
1605,"West, Martin and Peterson",Millerhaven,dgqvq
1606,"Flowers, Solis and Vazquez",North Marie,ousgq
1607,Wilson and Sons,Tomshire,zvzgo
1608,Peters-Johns,Richardbury,wstho
1609,Jones-Mercado,Sylviastad,sopxy
1610,Kennedy Ltd,New Vicki,
1611,Smith PLC,Schmidthaven,sqgyl
1612,Rodriguez-Oneill,Browntown,srunb
1613,"Hill, Chambers and Davenport",Moorefort,kigjy
1614,"Morgan, Medina and Fuentes",West Brianna,
1615,Pruitt-Clark,New Oliviachester,nlkwj
1616,Peck-Allen,,
1617,Hart LLC,North Leroyshire,xdceg
1618,"Carrillo, Hill and Sellers",South Kevin,srktx
1619,,New Brettville,aaaes
1620,"Morris, Bryant and Martinez",North Rebeccaton,izsoj
1621,Woodard-Lopez,Williambury,putdp
1622,Patton LLC,Jonesland,mkizn
1623,Rios PLC,New Kelly,rqufc
1624,Foley-Frey,Paulmouth,xsawz
1625,Mcbride and Sons,New Shelbyfort,msygw
1626,Mullen Group,Petersenfort,ltbnt
1627,Ward and Sons,New Kyleside,ltmzh
1628,Lowe Inc,ERROR,
1629,"Sharp, Ward and Franco",,ocmzx
1630,Gilmore-Hunter,West Samuel,jxeci
1631,"Norman, Marshall and Obrien",New Jessica,tipql
1632,Davis PLC,Kristinside,gdrpi
1633,"Scott, Cooke and Long",Jonfurt,
1634,Townsend LLC,Lake Brandonmouth,yklra
1635,Berry-Manning,New Davidport,bljhw
1636,Wiley and Sons,New Brandy,poocr
1637,Kirk Inc,Stephanieville,ezhuv
1638,,Port Ashlee,qnkbr
1639,Weaver-Brown,,nawes
1640,Torres Ltd,Martinfurt,ruvby
1641,Hatfield-Daniel,North Robertton,staeb
1642,Wagner and Sons,Kimchester,ndnqf
1643,"Shea, Pineda and Williams",East Karen,oosto
1644,"Henderson, Walker and Nguyen",Blackville,ERROR
1645,Brooks-Miller,Brownville,oshbt
1646,Johnson PLC,Hollyhaven,sxgqe
1647,"Gonzales, Burch and Jenkins",New Matthewfort,wiegk
1648,Reilly Inc,Contrerastown,htmfh
1649,"Singleton, Johnston and Green",Lake Carolyn,blibd
1650,"Bennett, Delgado and Miller",West Andreabury,msxka
1651,Roberts and Sons,Thomasview,zyeyu
1652,"Beck, Wilkins and Gibson",Brooksshire,sgsai
1653,"Carpenter, Erickson and Williams",New Brent,cyypg
1654,Newton Group,Blanchardburgh,ffyku
1655,"Meyer, Morgan and Martinez",Port Victoriabury,oyyca
1656,"Villa, Obrien and Berry",North Frank,cmlle
1657,"Lambert, Salas and Walker",Lake Ryan,wicaa
1658,Lee-Baldwin,Medinachester,tqebg
1659,Gordon Inc,Howeview,ijbqo
1660,Roberts Inc,Johnsonbury,ERROR
1661,Gregory Group,,gdpjn
1662,Harding-Gibson,South Ryanhaven,wsuag
1663,Wright and Sons,Wareberg,ruuzr
1664,"Colon, Spencer and Singh",Cowanborough,mjalz
1665,Brown Ltd,Shawtown,hfowq
1666,Hinton-Fowler,Christopherbury,ykqrc
1667,,West Johnmouth,ggcgx
1668,Morales and Sons,East Mistyberg,lnhmk
1669,Solis LLC,North Michael,ERROR
1670,Gilbert-Bradford,Port Aaron,rcoao
1671,Gonzalez PLC,Lake Bridget,mtdgm
1672,ERROR,Joneschester,xpftz
1673,"Zavala, Morales and Green",South Lisaburgh,yvifa
1674,Griffin-Nguyen,Brandonland,gyepd
1675,Brooks Inc,North Matthewside,rxoeb
1676,Malone-Wallace,Heatherstad,phxdh
1677,Smith-Walker,Johnport,efkgq
1678,Whitney PLC,New Laura,hygrf
1679,Meza-Turner,East Diana,bhblk
1680,Hoffman-Martin,Port Kristin,NULL
1681,White-Johns,ERROR,cpafb
1682,Clayton LLC,West Aliciaberg,shwkt
1683,Saunders Ltd,West Matthewport,ERROR
1684,"Thompson, Baker and Alvarez",South Carla,wjuzu
1685,"Smith, Nash and Kirby",South Daltonside,spsii
1686,Flynn-Morris,Matthewstad,yugpd
1687,NULL,Adamsmouth,tjhyw
1688,Stone-Cooper,Andrewfurt,znpoe
1689,Williams and Sons,Davidfort,cnonr
1690,Brown-Vaughan,Eddiemouth,nyify
1691,"Hill, Hawkins and Miller",East Jessicamouth,ijpxp
1692,Ingram LLC,Lake Randystad,abjva
1693,"Castillo, Gordon and Shannon",Coxberg,NULL
1694,Newman and Sons,NULL,rvwtw
1695,Brown PLC,New Alexandra,lylwz
1696,Francis-Mitchell,West Austinton,uagrc
1697,"Davis, Guerra and Deleon",West Christinaton,lmxmh
1698,"Carlson, Schmidt and Edwards",Lake Katherinefort,eweec
1699,Cabrera PLC,East Phillipshire,zpuko
1700,Santos Ltd,Jacksonmouth,ERROR
1701,Norton Inc,South Jennafort,xzoxy
1702,Fisher and Sons,East Katieville,xbsep
1703,Allen Inc,New Kevin,fpdxj
1704,ERROR,East Christianfort,kvvkl
1705,"Sanchez, Thomas and Williamson",West Michael,nilxg
1706,Baker-Levine,Evansview,hvuvs
1707,Guerrero-Gutierrez,Andrewfort,moajv
1708,Herrera-Olson,New Troy,nnlla
1709,Peterson Ltd,Loveberg,tsyfk
1710,"Ramirez, Lee and Christensen",Lake Gina,yheio
1711,"Caldwell, Hart and Jennings",Grahamtown,lacqn
1712,Osborne Ltd,North Christopher,dbqwh
1713,Young PLC,West Crystal,jkcci
1714,"Ward, Franklin and Owens",Ashleymouth,NULL
1715,Hammond-Carpenter,Stevefort,tdyud
1716,Castro Inc,Port Matthew,xhlqx
1717,Brooks-Hill,Guerreroburgh,cwxly
1718,NULL,Scottview,qklcn
1719,"Porter, Pugh and Randolph",Andersonmouth,ERROR
1720,Turner Ltd,East Kellyport,lntfd
1721,Reeves Ltd,Johnsonborough,wshxd
1722,"Evans, Harmon and Hansen",New Linda,xycuj
1723,Massey-Tran,North Christy,dmgyq
1724,Johnson and Sons,Travisview,ydyhl
1725,"Thompson, Williams and Bray",New Alexanderland,tynty
1726,Johnson-Black,Mosston,rhexy
1727,ERROR,Dustinmouth,
1728,"Shannon, Shields and Mclaughlin",Lake Nathaniel,xomnc
1729,Murphy-Sanchez,West Sheri,lilds
1730,Gilbert-Anderson,Morseburgh,uufpz
1731,Arroyo Group,Erikbury,mkita
1732,"Carter, Boyle and Rodgers",North Thomasborough,alvyx
1733,"Kline, Boone and Hoover",North Sharonhaven,kvgfs
1734,Gutierrez-Carlson,Leeville,hbfmq
1735,NULL,Port Aaronberg,mwbab
1736,Morrison and Sons,Dianeport,gycfa
1737,Mcdonald-Lane,North Nancy,cmkri
1738,"Reed, Grant and Garcia",South Dylan,jsatx
1739,Hutchinson-Williamson,Lake Michael,grkio
1740,Wright-Doyle,North Robertton,txisi
1741,Lynch PLC,Sweeneyville,btgpc
1742,"Wolfe, Andrade and Rangel",Knighttown,ghqiw
1743,Mcintyre-Smith,Port Markchester,gjpyk
1744,Cooper-Wise,Pamelastad,svqej
1745,Hoffman-Griffin,Nicoleshire,xupez
1746,Thompson-Sloan,New Jillianshire,ufwbg
1747,"Boyd, Gibson and Bell",North Laura,gytqq
1748,"Frank, Olson and Hunt",Barajaston,mckco
1749,"Higgins, Carroll and Quinn",Yangstad,eucvy
1750,Garcia-Jordan,North Anthonytown,xwcle
1751,"Ayers, Christensen and Randall",NULL,avkuj
1752,Walters and Sons,East Josephside,skaws
1753,Avila LLC,Myersborough,xkqmf
1754,"White, Williams and Smith",Joeltown,smkhs
1755,"Lopez, Wheeler and Powell",South Tiffanyside,hdgcb
1756,Roberts-Fowler,Melissaburgh,qlitj
1757,Graves Inc,Harriston,hnyeh
1758,Bray-Scott,Williamhaven,bypla
1759,"Pittman, Bernard and Weber",East Eric,sscmk
1760,Carrillo LLC,Taylorview,rkkof
1761,"Scott, Campbell and Chambers",South Joshua,
1762,Green-Stewart,Christinamouth,mwrgf
1763,"Shelton, Woods and Rojas",New Joseph,evthv
1764,"Hood, Flores and Perez",Richardtown,hdgaj
1765,"Pittman, Roberts and Garcia",Richardmouth,viyes
1766,"Figueroa, Stephenson and Marquez",Robertland,gxrvm
1767,"Gonzalez, Griffin and White",Port Janemouth,jppki
1768,"Taylor, Peterson and James",New George,ypcbo
1769,Bell-West,Gallaghertown,yjsom
1770,Martinez-Allen,Port Jacobstad,ayqpr
1771,Decker-Cox,Port Johnhaven,axaml
1772,"Chavez, Williams and Mason",South Sandrafort,qarvw
1773,"Garza, Harris and Villegas",East Gene,suiqv
1774,Harmon-Williams,Shawnmouth,oadwu
1775,Bartlett-Patterson,North Crystal,tyefg
1776,"Calhoun, Wright and Brown",Port Michaelton,pitwr
1777,"Manning, Lopez and Bowman",Fishertown,xymtw
1778,"Warren, Rocha and Holland",Pricefurt,uonhu
1779,,North Louis,yuaai
1780,"Roberts, Murray and Wright",West Jason,lqcjg
1781,Farmer Group,West Daleside,tuqbf
1782,Lopez LLC,North Caitlin,xdkjq
1783,Thomas-Griffin,Danielchester,icvcp
1784,Hall LLC,,lhjgi
1785,,Lake Yolandaview,nvwvs
1786,Fox-Thomas,Elliotttown,prhmq
1787,"Johnson, Blair and Williams",West Susan,pzsmi
1788,Davidson-Dyer,Mooreberg,togfz
1789,NULL,Danielsmouth,mtxsb
1790,Washington Inc,Wallberg,xgmsb
1791,"Anderson, Rios and Mora",Kirkton,mzypu
1792,Payne-Cohen,Port Lydiaborough,wtxih
1793,Harrison Inc,Lake Alexandraport,hzvki
1794,Williams-Jackson,Marcomouth,ejxsr
1795,Brown-Smith,Vaughanton,vauak
1796,Lambert-Steele,Gonzalezborough,zskdc
1797,"Schultz, Watson and Powell",Melissamouth,dxxfp
1798,"Porter, Edwards and Fields",Murrayport,yuixw
1799,Smith Inc,Michaelfurt,mfeen
1800,"Peterson, Cross and Jones",ERROR,ERROR
1801,,West Melindabury,wpzej
1802,,Johnland,sfcwz
1803,Wells LLC,South Jacobland,onhuo
1804,"Mcclain, Mitchell and Wood",Port Sylviaside,jwmhs
1805,Pearson-Burke,Petersenchester,mzkif
1806,NULL,New Maria,gizmz
1807,Reyes Inc,North Heathermouth,qfhae
1808,"Rodriguez, Brown and Austin",East Pennyhaven,ejznj
1809,Herrera-Robinson,New Russell,ygobi
1810,"Peterson, Greer and Freeman",Hornside,cwbji
1811,"Huerta, Hunter and Lynn",Nolanburgh,xlwgg
1812,Johnson LLC,Port Tabithamouth,NULL
1813,"Little, Baker and Smith",East Katherineburgh,jhpiy
1814,Jones PLC,North Erikmouth,uvpuz
1815,"Snow, Smith and Kelly",Moorehaven,aogcj
1816,Larson Group,Michaelview,yidjd
1817,Schaefer-Gardner,ERROR,rxpah
1818,Fox PLC,Amyfort,xdwca
1819,Jennings-Webster,Jenniferland,ttvte
1820,Barnett-Fisher,East Bradleyview,plxnh
1821,Wolfe PLC,Lake Andrea,adbjp
1822,Kim PLC,Adamsside,uupvg
1823,ERROR,Barrystad,levwb
1824,"King, Anthony and Burns",East Danielland,nhgde
1825,Garcia-Mitchell,Denisestad,daqxy
1826,Perkins-Wright,Pattersonport,malwu
1827,Smith and Sons,South Josephshire,qsoio
1828,Coleman-Horton,NULL,vovpe
1829,Carroll-Charles,North Julieport,
1830,Bell Ltd,South Joshua,plmjk
1831,Hoffman-Turner,North Michael,pbypl
1832,Gibson-Suarez,East Terriville,tzfir
1833,Perez-Collins,South Maryshire,uixnk
1834,Shea-Mccullough,West Lisa,njugw
1835,White-Salazar,Holtton,yidch
1836,Horn-Swanson,Rojasfort,gdqxx
1837,Dorsey PLC,Mooreside,xxckl
1838,"Tyler, Nelson and Hughes",Mcleanland,ihojm
1839,Diaz-Tucker,Morrisfurt,wqnkr
1840,Johnson LLC,East Donna,fyoik
1841,"Brooks, Santana and Hoffman",Monicaport,yhpvn
1842,Morris-Austin,Smithburgh,kyhqp
1843,ERROR,Daniellechester,imvkk
1844,Johnson-Hughes,Collinsshire,jzhci
1845,"Alvarez, Smith and Lopez",West Joeland,uujfs
1846,"Mosley, Morris and Moreno",Hughesland,migqh
1847,Williams-Green,New Tiffanyland,iytap
1848,Fields-Diaz,North Michael,
1849,NULL,Rogersmouth,oghnh
1850,"Clark, Martinez and Gross",Lake Suzanne,sziga
1851,ERROR,New Whitneytown,ERROR
1852,Mack-Booth,Deborahview,yywwl
1853,Thomas Inc,Sarachester,hpywy
1854,Jones-Vasquez,West Elizabethhaven,gxybb
1855,Mcpherson-Owens,Port Charles,tyckk
1856,Diaz-Ramos,Salasview,dlvqt
1857,Brooks and Sons,South Jeremiahville,NULL
1858,"Price, Gross and Oneal",,zdsup
1859,"Aguirre, Ingram and Fields",Port Parkerburgh,sxnje
1860,"Grant, Johnson and Richardson",Garymouth,zydqi
1861,"Jackson, Hurley and Reed",Adamtown,gqqya
1862,Peters LLC,Lopezburgh,qjera
1863,Daniels Group,Brookeburgh,cejtt
1864,Oliver-Lane,Mitchellstad,odlyw
1865,Hart Ltd,Kellyton,nqwva
1866,Glover Ltd,North Christianville,cqxtk
1867,Beck-Holloway,Clarkburgh,xiank
1868,Morris-Lewis,North Brenda,bowew
1869,Ruiz-Gates,NULL,axefq
1870,"Burns, Serrano and Santiago",NULL,isytj
1871,Johnson-Davila,South Nathanmouth,akmgn
1872,Fields and Sons,New Sally,iwjtt
1873,Velazquez LLC,Lake Elizabeth,mrbry
1874,"Jennings, Reed and Freeman",Port Jessica,atfjg
1875,Taylor and Sons,New Mark,dyejf
1876,Fischer Ltd,Austinstad,ihbjp
1877,"Adams, West and Harding",New Staceychester,jodbl
1878,Dean Inc,Shawhaven,ondvi
1879,Hale and Sons,East Josephmouth,xplkn
1880,Hernandez-Mccullough,New Christina,jgllw
1881,Brown-Lee,NULL,ywwfe
1882,Jensen LLC,North Catherinestad,qvkki
1883,Sparks-Hughes,Port Adam,pfxgh
1884,"Mcguire, Silva and Nguyen",East Meganside,bhhdv
1885,Ross-Gay,Lake Jose,xjeep
1886,Davis-Wood,West Matthewland,ixokn
1887,"Bennett, Coleman and Roberts",East Matthewtown,ubkvo
1888,ERROR,Lake Andrewburgh,fldik
1889,NULL,Hudsonfurt,lqmea
1890,Shaw-Williams,New Jennifer,ryyhs
1891,Hill-Wilson,Territown,sutgk
1892,"Torres, Allen and Benson",Randyport,gnztr
1893,Powers Ltd,New Nicolestad,
1894,Wright Ltd,Tonyamouth,ipvkk
1895,Gomez LLC,West Lisa,lfxbw
1896,Garcia LLC,Millerhaven,oeost
1897,Odonnell and Sons,Anthonyshire,dufeu
1898,NULL,Charlesfort,ikewm
1899,Smith-Barnett,Port Jennifer,mgueo
1900,Nelson Group,Lake Maria,bwfxy
1901,Griffin-Rodriguez,Christophertown,pbvpy
1902,"Romero, Scott and Dougherty",West Ericmouth,ievfj
1903,"Williams, Burch and Dixon",Patrickton,frykn
1904,"Kramer, Brown and Bowman",Bowersmouth,mgria
1905,Roy-Evans,Grahamshire,lkqoy
1906,Wheeler Inc,East Ronald,
1907,Gonzalez Inc,Michaelmouth,hxjqp
1908,Kelley PLC,North Lisa,mmnka
1909,Mitchell-Washington,North Colin,vluzv
1910,Walker-Tyler,Lake Christopherport,pxfjl
1911,"Sanders, Reyes and Obrien",North Pamelatown,sjwvo
1912,"Lopez, Brooks and Rivera",Lake Erin,kpfqn
1913,Wells-Hunt,Michaelhaven,gymrk
1914,Murphy and Sons,Marshallside,
1915,"Henderson, Schroeder and Hanson",New Jonathan,butim
1916,Clayton LLC,New Marie,
1917,,Tinatown,iizub
1918,Hernandez LLC,South Angelaport,gbiob
1919,"Garcia, Blackwell and Santiago",Morenomouth,icbjb
1920,Martinez Inc,Chadmouth,jgeuw
1921,Walters Inc,East Robertport,NULL
1922,Clark-Hunt,Kathrynburgh,ryedl
1923,Nguyen-Grant,Carrton,dyidy
1924,"Jones, Miller and Miller",Colemanmouth,ciwhd
1925,"Ramirez, Sutton and Holmes",Maryland,vmbbq
1926,Hardin and Sons,West Brittany,nlxny
1927,Blankenship-Chapman,New Tylerville,jrbdp
1928,Ramirez PLC,Christinafort,pgxtt
1929,Harris LLC,,dkbug
1930,ERROR,South William,hdouf
1931,"Park, Mendez and Smith",Hamiltonburgh,bowyy
1932,"Ramirez, Flynn and Howell",Morrisburgh,gmkec
1933,"Lucas, Lopez and Dominguez",Shannonhaven,NULL
1934,Jennings-Baker,Summersmouth,ehvyi
1935,Hopkins-Fox,East Ryanview,srodx
1936,"Strong, Wilson and Martin",West Sean,bpucn
1937,Lane Inc,New Laurenbury,eqvun
1938,"Fritz, Benton and Chavez",South Royfort,xvvkt
1939,Aguilar-Horne,South Cheyenneside,ojhqn
1940,Stanley Inc,East Michaeltown,bznbf
1941,Reynolds-Aguilar,East Christine,ggtyz
1942,Martin-Simpson,,jsama
1943,"Morris, Hunter and Sims",NULL,enqge
1944,Conway-Collins,West Mackenzieport,rzkqy
1945,Robinson-Livingston,,lbfwa
1946,Sullivan Ltd,Port Travisland,hqeqt
1947,Rios-Taylor,South Reginald,bnzkp
1948,Peters-Richmond,,zazch
1949,"Rogers, Barron and Mccormick",Guzmanfurt,kliip
1950,Carey-Cervantes,Brendaport,wsxva
1951,,Lake Hollymouth,snipi
1952,"Castillo, Garcia and Adams",Kimberlyshire,vljvn
1953,Mendoza Ltd,Susanborough,NULL
1954,Cordova-Cobb,Lake Johnton,dthcg
1955,Reed-Zavala,New Roy,vdtrc
1956,Jones Inc,Duncanville,kkwxj
1957,Sims and Sons,Port Daniel,tkigp
1958,Silva-Green,West Jamesfurt,bjkxb
1959,Branch-Turner,Lake Larrymouth,rylri
1960,Carroll-Gutierrez,Fosterburgh,fumcj
1961,Gibson-Griffin,New Williamberg,pgxaa
1962,"Garcia, Thompson and Campbell",East Linda,xbxpq
1963,"Tyler, Galloway and White",Rivasshire,vqluh
1964,Alvarado Inc,South Richard,qeaxd
1965,Rogers-Green,Mataburgh,hxlcz
1966,"Neal, Scott and Bruce",Lisaside,httei
1967,Richardson-Richards,Lake Anthonyport,jdllb
1968,"Martinez, Moss and Phillips",Williamburgh,oxoay
1969,Meza-Montgomery,New Jackson,jvfiu
1970,Wagner-Mccarty,North Melissamouth,ddpmw
1971,"Meyer, Roman and Johnson",Castillobury,kkinu
1972,Parker-Garcia,Villanuevatown,ydrae
1973,"Gregory, Hughes and Horton",Jamesland,marjy
1974,"Fleming, Freeman and Randolph",,qtynv
1975,Rosario LLC,Smithfurt,kwcgi
1976,"Hill, Williams and Gonzalez",ERROR,amhth
1977,Fisher and Sons,South Kylie,qrrju
1978,"Robinson, Franklin and Bates",NULL,ymwnu
1979,,Jasontown,ggxhz
1980,Howell and Sons,Lindseyland,urrcm
1981,"Miller, Rubio and Brown",Port Davidport,xseoa
1982,"Le, Chan and Gregory",NULL,ctfqu
1983,Mills-Hickman,Gonzaleztown,zsgvk
1984,Lee-Morrow,Frenchburgh,agbob
1985,"Stafford, Hooper and Rose",South Ian,mcurd
1986,Ruiz-Anderson,Lake Markton,hrzxn
1987,Griffin Ltd,Port Elijah,ivwqq
1988,Briggs-Carroll,North Sharon,ykudm
1989,Nguyen LLC,Lake Andreschester,hrakd
1990,Tran-Ross,,umwhi
1991,Larsen-Johnson,East Mary,qgyzb
1992,"Stanley, Anderson and Bryant",,gigwe
1993,"Estrada, Richardson and Ross",Lake Peter,
1994,Tucker Inc,Vickiton,sdmcd
1995,Rice Ltd,Duranfort,qvjbo
1996,"Sherman, Jones and Conway",Robinstad,khhco
1997,"Davis, Mccoy and Williams",Angelamouth,
1998,"Bates, Hughes and Mccoy",East Johnbury,wutdc
1999,Barron and Sons,Hallville,tjoma
2000,Calderon-Ramirez,,bmomb
